first,mid,last,city,state,birth date
Yoda,F,Davies,Washington,DC,03/07/02
Jon,L,Gerrera,Arlington,VA,05/18/97
Beyonce,L,Gamgee,St. Marys,MD,05/07/92
Yoda,E,Organa,Raleigh,NC,12/27/00
Galen,Q,Trump,Pittsburgh,PA,04/25/87
Laura,R,Agathon,Salisbury,MD,02/20/02
Bilbo,Y,Incredible,Hilton Head,SC,10/11/84
Halo,Y,Gerrera,Charlottesville,VA,11/27/82
Bruce,Z,Incredible,Baltimore,MD,11/09/96
Karen,A,Andor,Stafford,VA,08/13/02
Tony,A,Greyjoy,Harrisburg,PA,04/08/02
Karen,C,Tyrol,Baltimore,MD,01/01/92
Saruman,Z,Wickham,Washington,DC,08/26/02
Wash,Y,Baggins,Geneva,NY,06/20/99
Jamie,P,Agathon,Blacksburg,VA,10/29/94
Luke,G,Finlayson,Arlington,VA,10/16/96
Legolas,L,Polack,Lynchburg,VA,06/19/84
Saw,L,Targaryen,Harrisburg,PA,01/03/96
Gandalf,U,Greyjoy,Wilmington,NC,05/24/91
Natasha,Z,Organa,Washington,DC,08/03/90
Halo,E,Vale,Charlotte,NC,06/18/90
Robb,X,Adama,Greensboro,NC,07/12/90
Chirrut,G,Wickham,Faquier,VA,07/25/83
Halo,J,Thrace,Salisbury,MD,05/30/02
Daenerys,B,Wickham,Greensboro,NC,06/08/02
Daenerys,I,Roslin,Charlottesville,VA,05/26/80
Taylor,L,Gerrera,Faquier,VA,02/25/02
Mal,Q,Marshall,Richmond,VA,08/06/00
Jay,L,Wickham,Fredericksburg,VA,03/02/91
Jyn,O,Aniston,Washington,DC,12/23/02
Jyn,H,Erso,Hershey,PA,12/07/98
Arwen,P,Vale,Salisbury,MD,11/17/94
Frodo,V,Rock,Pittsburgh,PA,11/26/90
Cersei,E,Anewalt,Washington,DC,01/12/87
Matt,H,Tarkin,Hilton Head,SC,05/25/00
Matt,Y,Perry,Charlotte,NC,03/18/85
Obi-wan,P,Stark,Greenville,SC,12/28/89
Chirrut,N,Tarkin,Baltimore,MD,03/17/82
Arwen,E,Rook,Charlottesville,VA,12/05/86
Aragorn,T,Agathon,Raleigh,NC,01/20/02
Beyonce,G,Malbus,Blacksburg,VA,12/01/00
Obi-wan,D,Incredible,Albany,NY,04/07/98
Yoda,C,Tyrol,Spotsylvania,VA,01/10/02
Frodo,D,Lannister,Asheville,NC,04/05/95
Beyonce,U,Roslin,Fredericksburg,VA,05/27/02
Saruman,M,Greyjoy,Lynchburg,VA,12/16/01
Gandalf,N,Thrace,Stafford,VA,02/22/97
Cersei,O,Davies,Annapolis,MD,03/27/02
Luke,Z,Baltar,Baltimore,MD,03/26/73
Chirrut,M,Thrace,Wilmington,NC,09/01/86
Gimli,J,Swift,Geneva,NY,03/15/99
Andrew,I,Imwe,York,PA,12/25/01
Bodhi,E,Wickham,St. Marys,MD,05/28/02
Lady,O,Kenobi,Raleigh,NC,06/25/97
Natasha,J,Ravishankar,Alexandria,VA,05/16/01
Anakin,W,Skywalker,Brooklyn,NY,02/13/02
Gaius,B,Perry,Annapolis,MD,11/22/02
Chirrut,N,Ravishankar,Charlotte,NC,04/04/82
Merry,C,Trump,Alexandria,VA,10/22/86
Aragorn,X,Gerrera,Salisbury,MD,02/20/86
Jennifer,W,Tyrol,Salisbury,MD,10/28/02
Galen,E,Agathon,Blacksburg,VA,05/03/84
Karen,X,Targaryen,Fredericksburg,VA,11/10/02
Beyonce,T,Tigh,Washington,DC,03/14/01
Aragorn,P,Roslin,Spotsylvania,VA,12/09/83
Saul,M,Roslin,Charlottesville,VA,05/30/91
Pippin,Z,Swift,Arlington,VA,07/04/95
Arwen,W,Vale,Washington,DC,09/24/99
Aragorn,Z,Anewalt,Lynchburg,VA,11/27/02
Gaius,L,Greyjoy,St. Marys,MD,09/28/92
Karen,Z,Roslin,Arlington,VA,02/25/97
Mal,E,Skywalker,Washington,DC,09/28/00
Matt,R,Roslin,St. Marys,MD,06/14/84
Obi-wan,J,Aniston,Brooklyn,NY,08/27/02
Karen,X,Malbus,Alexandria,VA,03/15/99
Sharon,Y,Adama,Asheville,NC,12/11/95
Sharon,O,Baltar,Annapolis,MD,07/24/93
Saw,B,Rook,Washington,DC,02/08/02
Jay,U,Anewalt,Spotsylvania,VA,04/09/99
Chirrut,G,Aniston,Geneva,NY,04/20/86
Galadriel,N,Tarkin,Charlottesville,VA,05/06/02
Gandalf,C,Perry,Charlottesville,VA,05/10/93
Karen,B,Andor,Charlotte,NC,04/27/93
Elrond,A,Gamgee,Washington,DC,12/05/99
Finn,S,Erso,Harrisburg,PA,02/24/02
Hadley,X,Davies,Annapolis,MD,10/28/93
Jessica,P,Phasma,Pittsburgh,PA,01/26/89
Gimli,I,Gerrera,Fredericksburg,VA,08/17/02
Karen,Y,Malbus,Charleston,SC,12/29/87
Legolas,K,Swift,Harrisburg,PA,02/24/02
Baze,K,Obama,Baltimore,MD,09/16/92
Darth,L,Erso,New York,NY,05/03/93
Hadley,V,Andor,Albany,NY,11/12/85
Jessica,Z,Baggins,Raleigh,NC,03/05/02
Ian,Y,Tigh,Fredericksburg,VA,01/19/85
Jyn,I,Anewalt,Charleston,SC,10/06/89
Poe,U,Perry,Rochester,NY,05/18/02
Sauron,J,Lannister,Salisbury,MD,05/26/80
Bilbo,G,Incredible,Washington,DC,04/01/98
Aragorn,Z,Gamgee,Arlington,VA,09/19/93
Gaius,Q,Aniston,Charlottesville,VA,07/15/96
Lady,T,Finlayson,Baltimore,MD,07/11/88
Pippin,P,Gamgee,Spotsylvania,VA,12/17/79
Pippin,N,Kenobi,York,PA,04/25/02
Natasha,S,Anders,Washington,DC,04/19/88
Poe,E,Tigh,Wilmington,NC,02/27/02
Saul,L,Incredible,Salisbury,MD,07/21/85
Lady,G,Anewalt,Washington,DC,10/10/97
Darth,I,Finlayson,Columbia,SC,09/07/01
Daenerys,E,Tarkin,Charlotte,NC,07/20/02
Andrew,V,Martell,Spotsylvania,VA,05/16/02
Saul,Z,Perry,Charlotte,NC,03/20/93
Frodo,C,Polack,Faquier,VA,10/03/88
Chirrut,L,Rock,Charlotte,NC,10/02/02
Sauron,J,Davies,Alexandria,VA,04/05/02
Pippin,V,Stark,Washington,DC,06/15/90
Andrew,B,Organa,Salisbury,MD,07/15/96
Robb,V,Andor,Washington,DC,07/23/81
Jon,K,Davies,Baltimore,MD,01/16/95
Frodo,V,Baggins,Charleston,SC,11/26/83
Jon,A,Trump,Greenville,SC,02/12/02
Beyonce,C,Baltar,Blacksburg,VA,04/26/94
Saw,W,Rock,Fredericksburg,VA,05/18/99
Cassian,L,Stark,Annapolis,MD,03/15/92
Anakin,Q,Organa,Brooklyn,NY,06/22/91
Brad,I,Obama,St. Marys,MD,08/30/01
Boomer,T,Agathon,Fredericksburg,VA,12/16/90
Frodo,W,Aniston,Wilmington,NC,05/07/02
Jyn,C,Phasma,Baltimore,MD,04/14/98
Frodo,X,Phasma,New York,NY,08/27/01
Pippin,L,Incredible,Greenville,SC,02/19/91
Arwen,D,Davies,Spotsylvania,VA,01/30/98
Jay,S,Agathon,Washington,DC,02/06/78
Sauron,J,Tarkin,Greensboro,NC,04/04/88
Saul,L,Rook,Washington,DC,01/29/94
Tywin,S,Zeitz,St. Marys,MD,11/06/93
Jyn,H,Stark,Washington,DC,11/07/83
Matt,P,Rock,Annapolis,MD,09/20/02
Anakin,Y,Finlayson,Charlotte,NC,06/25/01
Taylor,E,Lannister,Rochester,NY,05/04/86
Legolas,L,Tyrol,Salisbury,MD,08/29/98
Matt,T,Gerrera,Charleston,SC,11/13/98
Galen,P,Tarkin,Hershey,PA,12/18/76
Jyn,R,Tyrol,Stafford,VA,03/30/97
Hadley,O,Gamgee,Asheville,NC,03/22/91
Saruman,K,Martell,Arlington,VA,03/07/80
Beyonce,B,Gaga,Columbia,SC,01/04/02
Jennifer,Y,Agathon,Charlottesville,VA,10/15/01
Yoda,D,Skywalker,Washington,DC,01/03/84
Boomer,W,Finlayson,Annapolis,MD,07/09/86
Laura,D,Organa,Brooklyn,NY,03/07/91
Galen,V,Wickham,Salisbury,MD,07/18/83
Bodhi,G,Obama,York,PA,06/24/02
Galadriel,Z,Stark,Richmond,VA,12/14/01
Daenerys,C,Trump,New York,NY,12/09/89
Rey,Z,Tigh,Fredericksburg,VA,02/06/94
Chirrut,H,Erso,Lynchburg,VA,03/14/02
Bodhi,T,Andor,Arlington,VA,04/24/02
Natasha,O,Roslin,Spotsylvania,VA,11/10/79
Bodhi,C,Perry,Salisbury,MD,08/01/80
Aragorn,I,Martell,York,PA,01/29/96
Galen,Q,Zeitz,Pittsburgh,PA,12/25/97
Bilbo,S,Trump,Blacksburg,VA,02/07/91
Apollo,X,Vale,Salisbury,MD,12/01/02
Galen,T,Incredible,Blacksburg,VA,11/07/02
Gaius,B,Pitt,Baltimore,MD,09/05/86
Mal,D,Baltar,Baltimore,MD,12/22/86
Matt,Q,Tyrell,Pittsburgh,PA,02/05/77
Gaius,Q,Gerrera,Annapolis,MD,11/17/02
Saruman,Q,Tarkin,Wilmington,NC,08/14/90
Cersei,E,Tyrol,York,PA,07/02/77
Zoe,X,Gamgee,Brooklyn,NY,10/05/99
Hadley,B,Trump,Wilmington,NC,03/17/84
Mal,V,Anders,Lynchburg,VA,07/08/89
Bruce,M,Thrace,Baltimore,MD,07/12/82
Galen,D,Phasma,Richmond,VA,10/14/02
Sam,M,Skywalker,Albany,NY,12/13/91
Zoe,B,Stark,Greenville,SC,06/25/99
Zoe,N,Incredible,Washington,DC,10/24/94
Karen,Q,Lannister,Columbia,SC,11/02/90
Baze,N,Greyjoy,Rochester,NY,12/20/93
Arwen,V,Gerrera,York,PA,09/16/93
Saul,R,Phasma,Annapolis,MD,06/13/97
Laura,T,Tarkin,Spotsylvania,VA,04/20/92
Pippin,R,Davies,Blacksburg,VA,10/09/02
Robb,W,Wickham,Columbia,SC,10/25/89
Robb,T,Anders,Fredericksburg,VA,12/01/82
Boomer,Z,Thrace,Raleigh,NC,05/01/90
Bodhi,J,Baltar,Richmond,VA,07/23/97
Bruce,Q,Martell,Fredericksburg,VA,10/30/02
Elrond,I,Vale,Washington,DC,12/27/93
Frodo,L,Perry,Greenville,SC,03/20/02
Robb,O,Vale,Richmond,VA,05/28/02
Baze,W,Targaryen,Columbia,SC,05/06/02
Legolas,G,Vale,Stafford,VA,04/24/02
Cersei,J,Gaga,Charleston,SC,05/10/02
Frodo,E,Trump,Annapolis,MD,07/12/87
Halo,B,Imwe,Rochester,NY,04/16/90
Galadriel,N,Tyrol,Hershey,PA,01/02/73
Baze,Q,Thrace,Baltimore,MD,03/04/96
Pippin,I,Anders,York,PA,01/26/95
Halo,J,Ravishankar,Washington,DC,05/02/89
Daenerys,W,Wickham,Baltimore,MD,09/18/02
Anakin,G,Gamgee,St. Marys,MD,02/12/02
Apollo,G,Swift,Hilton Head,SC,07/25/86
Saruman,R,Greyjoy,St. Marys,MD,03/09/83
Baze,Z,Ravishankar,Faquier,VA,02/08/81
Gandalf,K,Greyjoy,Charleston,SC,09/05/02
Taylor,M,Imwe,Charleston,SC,01/21/76
Stephen,Y,Gerrera,Annapolis,MD,06/07/02
Sam,R,Vale,Annapolis,MD,04/13/02
Anakin,A,Davies,Annapolis,MD,08/18/99
Jessica,U,Trump,Asheville,NC,10/04/02
Cassian,D,Gaga,Greenville,SC,05/07/83
Legolas,Q,Anders,St. Marys,MD,05/06/02
Wash,T,Rock,Washington,DC,11/09/02
Bilbo,C,Obama,Faquier,VA,06/03/02
Baze,N,Incredible,York,PA,12/13/02
Bilbo,Y,Rock,Spotsylvania,VA,04/22/02
Beyonce,P,Finlayson,Charleston,SC,05/22/02
Jon,N,Tarkin,Greenville,SC,01/07/89
Zoe,A,Tyrol,Annapolis,MD,03/23/99
Sam,P,Greyjoy,Washington,DC,07/09/88
Robb,Y,Kenobi,Pittsburgh,PA,05/16/02
Jon,Z,Rock,Stafford,VA,10/12/99
Mal,O,Wickham,Washington,DC,01/16/75
Obi-wan,O,Tyrell,Albany,NY,06/18/72
Robb,T,Trump,Richmond,VA,03/10/99
Natasha,R,Kenobi,Asheville,NC,11/03/02
Boomer,L,Adama,Hilton Head,SC,10/06/82
Arwen,J,Vale,Philadelphia,PA,06/08/85
Bodhi,I,Stark,Salisbury,MD,11/24/02
Daenerys,E,Agathon,Pittsburgh,PA,06/25/86
Jon,M,Lannister,Charlottesville,VA,03/23/02
Gaius,B,Ravishankar,Faquier,VA,01/14/90
Boomer,X,Finlayson,Fredericksburg,VA,12/08/02
Sharon,U,Imwe,Brooklyn,NY,01/11/90
Sauron,E,Zeitz,Washington,DC,12/05/02
Yoda,I,Phasma,Spotsylvania,VA,06/05/02
Frodo,B,Davies,New York,NY,07/19/02
Bodhi,S,Gaga,Alexandria,VA,11/16/01
Finn,K,Baggins,Spotsylvania,VA,11/08/02
Galen,T,Baggins,Greenville,SC,08/05/99
Steve,Y,Zeitz,Greensboro,NC,11/04/02
Steve,Y,Roslin,Philadelphia,PA,07/18/96
Bodhi,T,Targaryen,Brooklyn,NY,11/23/02
Jennifer,I,Organa,Washington,DC,08/26/83
Ian,H,Thrace,Fredericksburg,VA,08/18/82
Darth,A,Polack,Washington,DC,11/21/02
Saw,I,Baggins,Annapolis,MD,09/24/02
Rey,H,Davies,Philadelphia,PA,01/15/89
Luke,Z,Skywalker,St. Marys,MD,11/16/98
Steve,D,Erso,Arlington,VA,10/22/88
Obi-wan,D,Polack,Charlottesville,VA,10/17/02
Galen,K,Greyjoy,Arlington,VA,08/02/93
Gimli,Y,Skywalker,St. Marys,MD,02/21/90
Elrond,N,Gerrera,Alexandria,VA,01/18/02
Jyn,E,Adama,Washington,DC,04/24/88
Stephen,H,Baggins,Wilmington,NC,10/28/98
Sauron,T,Ravishankar,Greensboro,NC,09/11/97
Obi-wan,C,Tarkin,Baltimore,MD,05/29/97
Stephen,H,Vale,Charleston,SC,06/27/92
Wash,B,Organa,Washington,DC,07/23/96
Tyrion,H,Zeitz,York,PA,04/01/02
Hadley,N,Martell,Greensboro,NC,12/08/90
Boomer,A,Tyrol,St. Marys,MD,03/21/79
Bruce,R,Gaga,Columbia,SC,02/13/95
Galen,C,Skywalker,Blacksburg,VA,06/14/86
Veena,Q,Anewalt,St. Marys,MD,09/06/02
Tony,D,Vale,Arlington,VA,11/05/02
Lady,R,Rock,Salisbury,MD,06/27/02
Jennifer,R,Tyrol,Faquier,VA,07/20/84
Poe,V,Obama,Annapolis,MD,10/25/90
Tony,Y,Finlayson,Arlington,VA,07/28/02
Hadley,E,Vale,Alexandria,VA,04/03/00
Tywin,C,Imwe,Greenville,SC,04/26/02
Stephen,O,Phasma,Hilton Head,SC,02/07/02
Taylor,C,Swift,New York,NY,02/04/88
Jennifer,L,Andor,Faquier,VA,08/29/00
Tywin,Q,Adama,Fredericksburg,VA,06/28/94
Arwen,A,Stark,Fredericksburg,VA,12/27/01
Jennifer,H,Gamgee,Brooklyn,NY,04/11/94
Jyn,R,Kenobi,Faquier,VA,08/28/02
Bruce,A,Zeitz,Wilmington,NC,04/25/86
Gandalf,Z,Targaryen,Faquier,VA,12/07/85
Tywin,S,Martell,Washington,DC,08/05/88
Rey,P,Marshall,Blacksburg,VA,12/04/02
Anakin,C,Rook,Washington,DC,04/09/02
Gandalf,G,Tyrol,Rochester,NY,10/28/91
Veena,A,Davies,Baltimore,MD,05/14/02
Obi-wan,R,Greyjoy,Alexandria,VA,07/28/01
Jon,E,Erso,Asheville,NC,09/02/02
Steve,B,Davies,Wilmington,NC,07/30/02
Jennifer,L,Incredible,Washington,DC,05/10/84
Tony,X,Swift,Albany,NY,05/03/92
Cassian,W,Organa,Charlottesville,VA,02/05/95
Aragorn,T,Targaryen,Greenville,SC,06/06/02
Arwen,Z,Greyjoy,Annapolis,MD,01/06/02
Laura,J,Malbus,Harrisburg,PA,03/25/93
Cassian,B,Lannister,Columbia,SC,05/02/02
Saul,W,Malbus,Washington,DC,10/17/90
Gaius,B,Gaga,St. Marys,MD,07/03/90
Jyn,K,Incredible,Baltimore,MD,02/05/02
Saruman,P,Phasma,Charlottesville,VA,12/12/02
Merry,O,Agathon,Hilton Head,SC,04/24/02
Beyonce,L,Martell,Columbia,SC,04/26/02
Stephen,K,Incredible,St. Marys,MD,01/14/94
Gimli,E,Tarkin,Columbia,SC,03/13/80
Pippin,K,Skywalker,Stafford,VA,01/26/02
Steve,C,Agathon,Greenville,SC,05/17/02
Jessica,B,Zeitz,Lynchburg,VA,08/05/83
Darth,P,Trump,Annapolis,MD,04/21/01
Cersei,E,Greyjoy,Baltimore,MD,01/06/73
Bilbo,P,Tyrell,Blacksburg,VA,08/26/95
Stephen,V,Tyrol,Stafford,VA,03/25/92
Galadriel,E,Finlayson,Greenville,SC,05/27/99
Saw,O,Kenobi,Washington,DC,08/03/86
Cassian,U,Thrace,Salisbury,MD,10/04/02
Bruce,P,Andor,Charlottesville,VA,10/18/99
Karen,K,Tigh,Richmond,VA,08/15/02
Mal,S,Zeitz,Raleigh,NC,09/27/02
Cassian,I,Tyrell,Blacksburg,VA,01/15/92
Lady,X,Anewalt,Baltimore,MD,04/26/81
Veena,Q,Pitt,St. Marys,MD,07/12/93
Tyrion,M,Incredible,Washington,DC,11/28/02
Finn,Y,Vale,Brooklyn,NY,10/20/00
Saul,W,Tyrol,Washington,DC,06/11/93
Robb,J,Lannister,Faquier,VA,02/27/02
Cassian,Q,Gerrera,Hilton Head,SC,03/08/89
Jennifer,B,Imwe,Washington,DC,01/11/88
Matt,A,Tyrell,Harrisburg,PA,01/16/97
Gandalf,H,Greyjoy,Fredericksburg,VA,02/27/80
Sauron,H,Pitt,St. Marys,MD,04/06/78
Hadley,M,Agathon,Blacksburg,VA,06/07/81
Beyonce,Z,Organa,Stafford,VA,09/02/96
Jyn,U,Tarkin,Rochester,NY,01/03/93
Lady,H,Imwe,St. Marys,MD,07/21/92
Karen,A,Roslin,Baltimore,MD,10/11/82
Saruman,Y,Adama,Blacksburg,VA,04/17/92
Sharon,O,Ravishankar,Greenville,SC,08/27/87
Halo,H,Marshall,Washington,DC,11/05/02
Andrew,T,Marshall,Annapolis,MD,12/09/01
Elrond,Q,Anewalt,Pittsburgh,PA,08/10/02
Saw,G,Greyjoy,Harrisburg,PA,12/26/84
Jessica,H,Swift,Charleston,SC,10/24/91
Jessica,Z,Kenobi,Salisbury,MD,12/09/87
Saul,Y,Perry,Lynchburg,VA,10/03/00
Jennifer,B,Tyrell,Arlington,VA,05/13/02
Sharon,E,Rook,St. Marys,MD,11/03/78
Tyrion,C,Erso,Columbia,SC,10/03/87
Andrew,U,Vale,Spotsylvania,VA,12/27/96
Bruce,I,Anewalt,Charleston,SC,05/03/02
Laura,U,Martell,Charleston,SC,04/11/79
Tyrion,K,Baltar,St. Marys,MD,05/21/88
Aragorn,R,Marshall,Geneva,NY,05/01/89
Tyrion,O,Anders,Asheville,NC,10/11/02
Cassian,K,Gamgee,Washington,DC,12/20/02
Apollo,E,Andor,Stafford,VA,06/14/82
Boomer,P,Anewalt,Arlington,VA,09/13/81
Galen,L,Gamgee,Baltimore,MD,07/01/92
Tywin,N,Polack,Annapolis,MD,10/23/80
Mal,I,Ravishankar,Richmond,VA,02/28/85
Karen,U,Targaryen,St. Marys,MD,04/17/77
Katy,G,Kenobi,Brooklyn,NY,01/12/02
Hadley,D,Skywalker,Washington,DC,11/03/99
Matt,C,Skywalker,Richmond,VA,09/17/02
Bilbo,B,Skywalker,Stafford,VA,05/08/02
Laura,Y,Tyrell,Washington,DC,04/01/01
Obi-wan,G,Erso,Charlotte,NC,05/13/97
Jyn,M,Organa,Washington,DC,07/11/77
Stephen,E,Trump,Faquier,VA,06/23/82
Arwen,W,Trump,Columbia,SC,09/16/68
Veena,N,Perry,Pittsburgh,PA,01/19/02
Jay,D,Roslin,Washington,DC,08/14/93
Karen,S,Trump,New York,NY,11/24/02
Jennifer,T,Stark,Washington,DC,05/28/85
Finn,M,Perry,Raleigh,NC,08/25/77
Jon,L,Malbus,Spotsylvania,VA,12/28/92
Galen,D,Polack,New York,NY,08/27/80
Jennifer,M,Roslin,York,PA,04/14/02
Boomer,P,Polack,Annapolis,MD,08/27/00
Merry,K,Finlayson,Spotsylvania,VA,12/13/02
Pippin,V,Targaryen,Harrisburg,PA,07/21/02
Aragorn,L,Andor,Washington,DC,02/05/95
Saw,E,Targaryen,New York,NY,10/16/02
Tyrion,Q,Aniston,Fredericksburg,VA,12/05/90
Sonic,T,Hedgehog,Charlottesville,VA,11/08/97
Jay,I,Gaga,Salisbury,MD,05/09/92
Gimli,N,Anders,St. Marys,MD,01/12/98
Jessica,L,Tyrell,Wilmington,NC,08/28/97
Gaius,X,Agathon,Albany,NY,08/08/98
Sam,Y,Organa,New York,NY,07/06/94
Beyonce,J,Andor,St. Marys,MD,03/12/02
Steve,H,Marshall,Charlottesville,VA,11/22/02
Ian,B,Rock,Lynchburg,VA,01/06/92
Katy,E,Organa,Charlotte,NC,05/21/90
Poe,B,Kenobi,Stafford,VA,08/05/01
Saul,N,Erso,Hershey,PA,12/29/85
Tony,G,Trump,Washington,DC,12/26/78
Frodo,S,Tigh,Raleigh,NC,07/22/94
Jon,B,Thrace,Asheville,NC,08/08/96
Cassian,X,Greyjoy,Lynchburg,VA,10/17/93
Saruman,E,Zeitz,St. Marys,MD,06/22/86
Tywin,C,Perry,Albany,NY,08/07/02
Natasha,Z,Tarkin,Baltimore,MD,09/12/81
Tyrion,M,Pitt,Arlington,VA,07/19/76
Cassian,Y,Phasma,Faquier,VA,01/15/99
Cersei,B,Polack,Washington,DC,11/03/89
Saruman,D,Phasma,Charleston,SC,08/17/02
Sharon,H,Anewalt,Charlotte,NC,11/30/88
Cassian,C,Kenobi,Raleigh,NC,01/08/02
Karen,U,Organa,Alexandria,VA,04/01/88
Jennifer,H,Agathon,Faquier,VA,12/13/91
Elrond,G,Organa,Annapolis,MD,07/26/91
Galen,L,Anewalt,Rochester,NY,12/19/02
Tony,A,Aniston,Salisbury,MD,04/26/93
Yoda,Z,Lannister,Brooklyn,NY,04/24/94
Chirrut,W,Tyrol,Charlottesville,VA,03/13/02
Laura,D,Anewalt,Lynchburg,VA,04/16/80
Rey,Q,Malbus,Washington,DC,08/22/77
Tyrion,C,Agathon,Richmond,VA,03/03/82
Yoda,X,Imwe,Spotsylvania,VA,11/02/94
Jennifer,J,Rock,Faquier,VA,12/30/74
Poe,K,Anewalt,Columbia,SC,02/17/94
Robb,G,Anders,Salisbury,MD,01/16/82
Cassian,D,Phasma,Baltimore,MD,04/26/90
Galen,Z,Skywalker,Faquier,VA,03/29/95
Robb,E,Skywalker,St. Marys,MD,10/02/02
Legolas,M,Tarkin,Lynchburg,VA,02/11/02
Jennifer,V,Anewalt,Washington,DC,01/10/89
Tony,M,Trump,Wilmington,NC,04/23/02
Obi-wan,L,Martell,York,PA,06/19/77
Sauron,W,Baltar,Greensboro,NC,04/27/02
Taylor,S,Tigh,Baltimore,MD,12/24/77
Legolas,B,Gamgee,Harrisburg,PA,03/27/02
Cersei,C,Agathon,Lynchburg,VA,06/09/02
Jon,K,Aniston,Charlottesville,VA,12/12/89
Yoda,N,Incredible,Stafford,VA,11/26/02
Boomer,T,Rook,Faquier,VA,12/18/89
Mal,B,Gerrera,Baltimore,MD,01/12/02
Beyonce,X,Tigh,Hershey,PA,05/05/02
Andrew,O,Skywalker,Richmond,VA,04/04/93
Robb,M,Finlayson,Lynchburg,VA,02/27/02
Saw,T,Stark,Greenville,SC,08/20/86
Saruman,C,Marshall,York,PA,09/08/98
Sauron,N,Erso,Annapolis,MD,05/10/81
Andrew,P,Perry,Hilton Head,SC,05/01/86
Galen,M,Swift,Charlotte,NC,10/13/92
Sam,L,Baltar,Washington,DC,06/09/95
Jon,Q,Malbus,Fredericksburg,VA,05/20/02
Aragorn,T,Greyjoy,Annapolis,MD,10/01/99
Rey,D,Baltar,Arlington,VA,02/27/90
Yoda,C,Martell,Hilton Head,SC,10/21/02
Steve,P,Rook,Blacksburg,VA,02/20/93
Sauron,N,Marshall,Blacksburg,VA,01/29/83
Galen,N,Baltar,Brooklyn,NY,05/29/02
Lady,Z,Incredible,St. Marys,MD,02/09/02
Baze,W,Vale,Philadelphia,PA,09/21/97
Lady,W,Tigh,Washington,DC,10/25/82
Zoe,S,Andor,St. Marys,MD,12/30/98
Tywin,X,Gerrera,New York,NY,01/16/81
Taylor,H,Ravishankar,Greensboro,NC,06/25/02
Frodo,P,Imwe,Columbia,SC,07/11/88
Jyn,N,Andor,Harrisburg,PA,03/20/79
Taylor,W,Zeitz,Arlington,VA,04/06/02
Ian,Z,Ravishankar,Annapolis,MD,03/08/02
Legolas,G,Phasma,Greensboro,NC,04/20/81
Wash,T,Trump,Raleigh,NC,09/28/02
Jamie,G,Davies,Annapolis,MD,09/05/02
Sam,D,Anders,Charleston,SC,09/21/02
Bilbo,M,Polack,St. Marys,MD,05/29/99
Tyrion,U,Rook,Baltimore,MD,04/14/83
Galadriel,U,Skywalker,Greensboro,NC,06/15/92
Halo,Z,Ravishankar,Charleston,SC,11/29/99
Brad,A,Martell,Faquier,VA,03/17/02
Cassian,M,Zeitz,Columbia,SC,01/14/99
Wash,H,Stark,Washington,DC,10/29/93
Luke,B,Phasma,Rochester,NY,03/26/73
Saruman,Q,Pitt,Greensboro,NC,09/09/02
Darth,Y,Marshall,Washington,DC,10/19/94
Frodo,I,Lannister,Alexandria,VA,01/29/98
Finn,Z,Trump,Baltimore,MD,09/12/86
Baze,H,Gamgee,New York,NY,10/08/83
Jamie,S,Thrace,Annapolis,MD,05/29/02
Sharon,B,Swift,New York,NY,11/10/84
Cersei,G,Zeitz,Spotsylvania,VA,01/28/83
Tony,U,Erso,Stafford,VA,06/08/02
Frodo,H,Lannister,Pittsburgh,PA,10/27/02
Yoda,M,Organa,Asheville,NC,05/02/90
Elrond,J,Polack,Arlington,VA,02/25/02
Tyrion,X,Baltar,Albany,NY,12/27/02
Natasha,Z,Tigh,Salisbury,MD,09/15/87
Daenerys,P,Davies,St. Marys,MD,02/06/77
Baze,W,Thrace,Washington,DC,07/23/80
Gaius,E,Agathon,St. Marys,MD,03/30/98
Wash,W,Wickham,Arlington,VA,12/06/02
Pippin,X,Anewalt,St. Marys,MD,11/18/02
Finn,Q,Polack,Greensboro,NC,06/10/02
Jennifer,B,Martell,Greensboro,NC,02/01/02
Apollo,N,Tyrell,Greenville,SC,08/11/75
Merry,D,Martell,Albany,NY,06/15/87
Jyn,I,Vale,Raleigh,NC,01/03/92
Pippin,P,Swift,Columbia,SC,09/13/76
Mal,I,Aniston,Charlotte,NC,04/25/02
Apollo,K,Andor,Charleston,SC,04/21/88
Lady,V,Stark,Washington,DC,11/28/88
Cassian,X,Baggins,Stafford,VA,08/10/02
Cassian,M,Erso,York,PA,01/13/02
Cersei,B,Aniston,Columbia,SC,11/16/02
Saw,L,Anewalt,Arlington,VA,08/29/01
Natasha,V,Ravishankar,St. Marys,MD,05/12/93
Zoe,J,Zeitz,Alexandria,VA,03/15/02
Elrond,Q,Pitt,Salisbury,MD,12/01/02
Legolas,Y,Malbus,Alexandria,VA,07/28/90
Legolas,N,Aniston,Wilmington,NC,04/05/00
Legolas,V,Baltar,Arlington,VA,05/25/97
Halo,X,Anders,Harrisburg,PA,05/10/73
Tony,N,Davies,Lynchburg,VA,07/11/98
Taylor,P,Tyrell,Salisbury,MD,04/02/02
Galadriel,T,Rook,Lynchburg,VA,10/03/02
Zoe,M,Andor,Hilton Head,SC,08/10/84
Bodhi,M,Aniston,Salisbury,MD,09/22/02
Luke,Q,Andor,Richmond,VA,10/17/87
Gaius,W,Kenobi,Rochester,NY,08/03/02
Saw,J,Lannister,Faquier,VA,07/08/02
Katy,C,Martell,Greenville,SC,08/06/97
Beyonce,D,Perry,Washington,DC,12/04/98
Luke,W,Andor,Salisbury,MD,08/04/67
Sharon,V,Martell,Richmond,VA,05/08/89
Lady,V,Perry,Pittsburgh,PA,09/16/02
Sam,M,Andor,Geneva,NY,09/01/97
Cersei,U,Gerrera,Washington,DC,02/05/90
Merry,E,Targaryen,York,PA,01/27/02
Bodhi,G,Organa,Baltimore,MD,01/15/93
Sharon,T,Davies,Pittsburgh,PA,03/14/73
Karen,O,Trump,Salisbury,MD,10/17/96
Baze,N,Baggins,Pittsburgh,PA,10/16/02
Yoda,X,Tyrell,Alexandria,VA,12/06/87
Merry,M,Pitt,Philadelphia,PA,05/06/91
Luke,A,Malbus,Spotsylvania,VA,06/09/82
Finn,K,Rock,Fredericksburg,VA,02/06/84
Jennifer,C,Pitt,Baltimore,MD,02/24/95
Robb,Q,Organa,Wilmington,NC,11/08/94
Wash,I,Tigh,York,PA,02/19/02
Galadriel,J,Trump,Spotsylvania,VA,03/19/02
Laura,T,Tyrol,Spotsylvania,VA,09/15/82
Cersei,V,Baltar,Lynchburg,VA,04/06/02
Boomer,R,Greyjoy,York,PA,07/15/96
Galen,W,Baltar,Salisbury,MD,06/01/99
Saruman,D,Imwe,Charlotte,NC,04/05/01
Natasha,O,Martell,Asheville,NC,06/16/83
Wash,D,Gaga,Faquier,VA,03/06/02
Pippin,N,Organa,Philadelphia,PA,01/21/82
Pippin,J,Incredible,Washington,DC,05/07/83
Matt,P,Obama,Arlington,VA,05/24/90
Sauron,O,Lannister,Geneva,NY,08/13/02
Bilbo,L,Anewalt,Greenville,SC,04/25/90
Galen,Y,Adama,Lynchburg,VA,03/27/02
Natasha,C,Davies,Washington,DC,09/26/90
Cassian,X,Tarkin,Charleston,SC,08/05/02
Rey,Q,Polack,Hilton Head,SC,06/12/97
Galadriel,U,Tyrol,Albany,NY,12/10/88
Obi-wan,C,Pitt,Albany,NY,04/21/02
Rey,E,Anewalt,Washington,DC,02/06/89
Saruman,E,Vale,Salisbury,MD,09/27/02
Finn,I,Trump,Washington,DC,12/21/02
Saw,U,Roslin,Philadelphia,PA,12/28/86
Cersei,E,Skywalker,Greenville,SC,02/28/02
Finn,V,Rock,Arlington,VA,07/28/02
Gandalf,Q,Kenobi,Faquier,VA,11/18/87
Bilbo,O,Stark,Hershey,PA,11/14/97
Poe,W,Swift,Charlotte,NC,12/10/86
Brad,M,Stark,St. Marys,MD,02/27/82
Finn,X,Greyjoy,St. Marys,MD,09/26/88
Daenerys,H,Agathon,Alexandria,VA,05/21/88
Luke,X,Rock,Raleigh,NC,03/21/02
Aragorn,C,Roslin,St. Marys,MD,04/17/83
Anakin,X,Malbus,Washington,DC,06/02/83
Halo,M,Baggins,Charlottesville,VA,01/09/01
Sauron,V,Organa,Faquier,VA,10/28/02
Finn,V,Roslin,Greenville,SC,07/01/86
Obi-wan,P,Incredible,Baltimore,MD,05/30/87
Wash,Z,Kenobi,Alexandria,VA,11/18/82
Tywin,E,Incredible,Annapolis,MD,08/26/97
Ian,Z,Imwe,Richmond,VA,05/15/88
Bodhi,J,Imwe,Arlington,VA,03/24/99
Galen,S,Skywalker,Columbia,SC,10/18/75
Taylor,P,Trump,Albany,NY,01/14/94
Cassian,A,Anewalt,Baltimore,MD,06/01/89
Pippin,U,Adama,York,PA,03/05/02
Lady,N,Incredible,Alexandria,VA,05/07/00
Veena,D,Adama,York,PA,03/20/85
Tywin,X,Polack,Lynchburg,VA,02/16/02
Aragorn,Q,Anders,Faquier,VA,07/20/85
Apollo,G,Tarkin,Harrisburg,PA,09/03/91
Beyonce,R,Ravishankar,Washington,DC,01/05/02
Bilbo,L,Targaryen,Greenville,SC,09/09/97
Natasha,V,Tigh,Richmond,VA,05/17/01
Beyonce,N,Perry,St. Marys,MD,07/12/96
Boomer,P,Martell,Hershey,PA,05/20/90
Laura,P,Phasma,Baltimore,MD,09/04/02
Ian,U,Ravishankar,Arlington,VA,09/21/93
Brad,R,Rook,New York,NY,05/26/96
Sauron,U,Kenobi,Charlotte,NC,03/12/02
Karen,R,Ravishankar,Pittsburgh,PA,08/26/98
Taylor,N,Ravishankar,Rochester,NY,11/20/92
Brad,A,Trump,Columbia,SC,02/03/87
Poe,U,Roslin,Charlotte,NC,11/13/87
Cersei,P,Incredible,Washington,DC,07/27/79
Saw,Q,Tyrell,Pittsburgh,PA,04/01/02
Cersei,E,Imwe,Lynchburg,VA,05/17/02
Galen,E,Imwe,Philadelphia,PA,05/09/95
Pippin,X,Vale,Lynchburg,VA,04/01/87
Cassian,D,Martell,Salisbury,MD,05/18/99
Obi-wan,E,Obama,Rochester,NY,11/23/92
Arwen,J,Tyrell,Rochester,NY,08/24/02
Boomer,G,Erso,Asheville,NC,03/22/94
Cersei,X,Gamgee,Washington,DC,01/26/02
Merry,V,Swift,Baltimore,MD,09/20/02
Tyrion,V,Greyjoy,Annapolis,MD,03/14/85
Mal,E,Stark,Alexandria,VA,06/23/79
Bilbo,T,Baggins,Baltimore,MD,12/11/90
Chirrut,N,Martell,Blacksburg,VA,01/11/02
Gandalf,P,Tyrol,Harrisburg,PA,02/25/89
Sharon,B,Baltar,Philadelphia,PA,02/17/84
Katy,W,Greyjoy,Spotsylvania,VA,12/01/02
Andrew,B,Wickham,Charleston,SC,08/16/85
Apollo,O,Agathon,Pittsburgh,PA,09/12/02
Galadriel,N,Tyrell,Washington,DC,02/02/80
Merry,S,Stark,Washington,DC,10/21/75
Sharon,B,Lannister,Brooklyn,NY,10/29/86
Tywin,P,Greyjoy,Charleston,SC,10/13/89
Tony,Z,Tigh,Spotsylvania,VA,10/27/92
Cassian,T,Ravishankar,Baltimore,MD,09/26/89
Tyrion,O,Marshall,Washington,DC,01/20/99
Bodhi,K,Agathon,Lynchburg,VA,02/01/97
Gandalf,L,Rock,Lynchburg,VA,05/18/87
Jon,X,Anders,Washington,DC,12/01/02
Gaius,A,Targaryen,Asheville,NC,11/29/02
Arwen,I,Malbus,Spotsylvania,VA,07/10/89
Boomer,Y,Incredible,Columbia,SC,10/30/86
Halo,E,Gerrera,Stafford,VA,11/26/89
Sam,K,Targaryen,York,PA,04/12/00
Gandalf,Y,Tigh,Fredericksburg,VA,05/22/79
Zoe,Q,Aniston,Annapolis,MD,01/24/91
Darth,Y,Trump,St. Marys,MD,10/12/02
Jon,T,Rock,Hilton Head,SC,05/14/02
Yoda,C,Anders,Richmond,VA,10/05/92
Saruman,N,Baltar,Salisbury,MD,08/16/00
Jessica,Z,Gaga,Greenville,SC,11/05/91
Robb,Z,Gamgee,Rochester,NY,11/25/02
Halo,W,Kenobi,Faquier,VA,11/18/02
Anakin,X,Rook,Spotsylvania,VA,09/01/01
Galen,C,Malbus,Raleigh,NC,04/22/84
Halo,C,Wickham,Washington,DC,07/13/02
Jon,N,Rook,Greensboro,NC,06/09/02
Saruman,S,Incredible,Greenville,SC,10/08/02
Jon,A,Anders,Greenville,SC,01/25/86
Hadley,A,Phasma,Washington,DC,12/27/91
Gandalf,V,Baltar,Asheville,NC,03/05/02
Jon,M,Pitt,Stafford,VA,11/19/95
Matt,R,Tyrol,Fredericksburg,VA,07/30/02
Saul,D,Agathon,Washington,DC,11/15/02
Arwen,J,Baggins,Salisbury,MD,10/03/02
Stephen,D,Phasma,Lynchburg,VA,05/23/02
Galen,T,Perry,Stafford,VA,05/05/95
Jay,D,Davies,St. Marys,MD,08/06/90
Jennifer,Z,Swift,Albany,NY,08/13/02
Sam,D,Gaga,Washington,DC,12/26/02
Brad,J,Greyjoy,Washington,DC,12/01/82
Jessica,L,Anders,Hilton Head,SC,04/30/93
Jay,D,Agathon,Stafford,VA,03/26/02
Steve,Q,Rock,Columbia,SC,01/05/02
Sauron,Y,Ravishankar,Annapolis,MD,08/13/02
Sam,M,Ravishankar,Geneva,NY,12/22/95
Bruce,V,Baltar,Hilton Head,SC,09/27/88
Beyonce,M,Tyrell,Arlington,VA,03/29/95
Beyonce,I,Tarkin,Washington,DC,09/05/89
Boomer,U,Aniston,Fredericksburg,VA,08/13/80
Sharon,V,Ravishankar,Harrisburg,PA,02/17/92
Gandalf,E,Rook,Washington,DC,11/27/99
Halo,E,Tarkin,Washington,DC,09/20/87
Jessica,J,Greyjoy,Annapolis,MD,02/27/02
Jessica,Q,Rock,Salisbury,MD,06/28/99
Galen,T,Adama,Rochester,NY,12/07/02
Mal,H,Imwe,Albany,NY,02/17/88
Legolas,S,Agathon,Stafford,VA,11/04/94
Stephen,P,Organa,Asheville,NC,04/13/02
Ian,K,Imwe,Brooklyn,NY,09/11/02
Frodo,J,Andor,Arlington,VA,10/16/76
Arwen,M,Tigh,Washington,DC,06/21/72
Saw,A,Andor,Arlington,VA,07/05/96
Rey,D,Swift,Harrisburg,PA,10/22/02
Wash,B,Tyrell,Hilton Head,SC,11/18/02
Jennifer,E,Anewalt,Hershey,PA,07/08/93
Matt,T,Stark,Asheville,NC,04/23/00
Cersei,H,Marshall,Richmond,VA,05/27/88
Saw,T,Roslin,Geneva,NY,03/04/75
Sharon,L,Tyrol,Harrisburg,PA,01/17/02
Baze,N,Finlayson,Alexandria,VA,06/13/90
Saruman,L,Vale,Hilton Head,SC,08/25/84
Zoe,D,Finlayson,Richmond,VA,11/30/95
Halo,S,Anders,Washington,DC,10/19/96
Galadriel,Y,Skywalker,Hilton Head,SC,01/27/02
Merry,S,Targaryen,Salisbury,MD,01/05/02
Lady,O,Agathon,Washington,DC,09/29/87
Matt,G,Erso,York,PA,10/10/02
Bodhi,A,Skywalker,Greensboro,NC,11/24/97
Laura,C,Malbus,St. Marys,MD,07/16/99
Tony,I,Aniston,Hershey,PA,05/12/02
Halo,N,Andor,Asheville,NC,09/15/96
Jyn,W,Thrace,Salisbury,MD,07/11/02
Chirrut,R,Incredible,Baltimore,MD,07/04/91
Jamie,T,Tarkin,Albany,NY,04/28/02
Jyn,S,Rook,Fredericksburg,VA,08/21/88
Tywin,M,Anders,Arlington,VA,06/25/78
Chirrut,I,Marshall,Charlotte,NC,11/23/01
Hadley,I,Swift,Geneva,NY,06/21/90
Jennifer,K,Rock,New York,NY,03/01/87
Bruce,Y,Greyjoy,Columbia,SC,10/04/87
Karen,G,Gaga,Lynchburg,VA,08/10/02
Stephen,U,Finlayson,New York,NY,10/19/78
Aragorn,T,Skywalker,Raleigh,NC,10/03/02
Finn,S,Aniston,Washington,DC,02/01/87
Legolas,S,Davies,Pittsburgh,PA,02/21/87
Jyn,M,Imwe,Lynchburg,VA,09/19/81
Veena,I,Targaryen,Columbia,SC,04/30/02
Andrew,R,Pitt,Pittsburgh,PA,04/30/02
Gaius,L,Aniston,Wilmington,NC,12/27/97
Darth,T,Roslin,Washington,DC,09/10/86
Obi-wan,A,Baltar,Fredericksburg,VA,07/03/95
Finn,H,Baltar,St. Marys,MD,02/02/82
Merry,Q,Gamgee,Alexandria,VA,12/02/02
Saruman,A,Pitt,Wilmington,NC,08/27/77
Chirrut,E,Targaryen,York,PA,11/17/02
Elrond,P,Tyrell,Stafford,VA,07/04/91
Chirrut,O,Anders,Philadelphia,PA,12/01/91
Bruce,C,Vale,Blacksburg,VA,11/05/89
Robb,R,Rook,Arlington,VA,12/16/98
Yoda,U,Finlayson,Spotsylvania,VA,05/13/99
Bilbo,X,Tigh,Annapolis,MD,10/30/02
Mal,T,Erso,Alexandria,VA,03/03/94
Saruman,O,Andor,Washington,DC,06/12/02
Mal,A,Pitt,Faquier,VA,05/05/98
Saul,C,Baltar,Philadelphia,PA,07/28/75
Cassian,O,Targaryen,St. Marys,MD,12/29/02
Robb,O,Tarkin,Washington,DC,11/29/02
Natasha,W,Malbus,St. Marys,MD,05/22/02
Steve,U,Wickham,Charleston,SC,01/03/02
Sharon,T,Vale,Columbia,SC,11/24/02
Yoda,Z,Stark,Salisbury,MD,07/19/99
Zoe,Q,Finlayson,Lynchburg,VA,01/29/94
Galen,I,Andor,Charlotte,NC,10/27/93
Yoda,N,Thrace,Fredericksburg,VA,04/21/02
Jon,N,Gaga,Baltimore,MD,10/12/02
Chirrut,R,Agathon,Hershey,PA,04/02/93
Anakin,O,Tigh,Annapolis,MD,09/17/94
Boomer,L,Baggins,St. Marys,MD,01/01/01
Saw,T,Skywalker,Baltimore,MD,07/21/91
Laura,Z,Martell,Annapolis,MD,05/19/02
Poe,T,Rook,Washington,DC,03/09/82
Matt,A,Anewalt,St. Marys,MD,05/21/92
Saruman,U,Greyjoy,Geneva,NY,06/11/02
Natasha,E,Erso,Washington,DC,03/02/93
Gaius,I,Agathon,Faquier,VA,11/03/94
Sam,H,Greyjoy,Charleston,SC,10/30/97
Brad,T,Anders,Washington,DC,10/16/02
Stephen,R,Roslin,Hilton Head,SC,02/15/90
Zoe,G,Tyrol,Richmond,VA,07/17/92
Stephen,H,Greyjoy,Faquier,VA,03/21/84
Boomer,B,Ravishankar,Baltimore,MD,11/30/02
Jamie,A,Trump,Baltimore,MD,07/23/02
Rey,O,Tyrell,Philadelphia,PA,11/26/95
Saul,J,Obama,Spotsylvania,VA,03/14/88
Katy,T,Thrace,Rochester,NY,07/25/01
Finn,W,Vale,Geneva,NY,03/26/95
Bodhi,J,Gamgee,Arlington,VA,02/08/89
Elrond,T,Finlayson,Baltimore,MD,02/22/89
Poe,S,Wickham,Stafford,VA,08/22/92
Jessica,U,Tigh,Blacksburg,VA,08/01/02
Andrew,O,Erso,Hershey,PA,10/20/84
Aragorn,N,Zeitz,Arlington,VA,10/27/96
Cassian,P,Incredible,Richmond,VA,04/17/92
Katy,P,Baltar,Charlotte,NC,08/24/77
Mal,L,Incredible,Albany,NY,03/12/02
Finn,H,Ravishankar,Washington,DC,12/04/01
Wash,C,Targaryen,Baltimore,MD,06/04/02
Gaius,G,Pitt,Baltimore,MD,11/15/96
Saw,M,Kenobi,New York,NY,05/27/92
Brad,D,Baltar,Harrisburg,PA,03/23/97
Luke,X,Thrace,Baltimore,MD,11/13/95
Baze,X,Skywalker,Greenville,SC,11/10/91
Pippin,Q,Gaga,Columbia,SC,12/16/02
Aragorn,S,Finlayson,Washington,DC,09/30/65
Robb,P,Pitt,Columbia,SC,08/08/01
Aragorn,N,Finlayson,Baltimore,MD,01/07/02
Boomer,R,Tigh,Richmond,VA,05/04/86
Saw,H,Ravishankar,Baltimore,MD,09/10/90
Brad,O,Tyrell,Blacksburg,VA,12/26/85
Chirrut,K,Gamgee,Fredericksburg,VA,11/19/95
Galen,K,Gerrera,St. Marys,MD,03/06/96
Taylor,C,Agathon,Lynchburg,VA,06/14/95
Tywin,N,Martell,Columbia,SC,12/20/01
Bruce,A,Greyjoy,Pittsburgh,PA,01/24/98
Sauron,K,Aniston,Baltimore,MD,12/23/95
Luke,N,Kenobi,Faquier,VA,11/15/96
Bilbo,I,Aniston,Albany,NY,07/11/02
Bodhi,X,Tarkin,Arlington,VA,10/08/02
Sam,B,Davies,Annapolis,MD,08/18/85
Boomer,Q,Incredible,Rochester,NY,01/23/02
Saw,P,Ravishankar,Washington,DC,02/28/02
Galadriel,C,Organa,Washington,DC,11/16/00
Tony,R,Trump,New York,NY,06/08/02
Laura,D,Skywalker,Lynchburg,VA,04/11/93
Jennifer,U,Trump,Asheville,NC,04/05/02
Zoe,V,Incredible,Blacksburg,VA,07/27/98
Saruman,D,Thrace,York,PA,10/18/87
Halo,X,Polack,Salisbury,MD,03/18/90
Galen,V,Phasma,Washington,DC,12/14/84
Saw,H,Zeitz,St. Marys,MD,05/15/00
Karen,G,Skywalker,Geneva,NY,06/11/96
Galen,Q,Tyrol,Columbia,SC,02/18/01
Andrew,A,Targaryen,Greenville,SC,11/16/97
Steve,X,Andor,Charlottesville,VA,12/14/02
Sharon,X,Tyrol,Lynchburg,VA,06/08/01
Jessica,N,Rook,Baltimore,MD,05/28/66
Tyrion,J,Obama,Charleston,SC,04/28/02
Arwen,H,Davies,Washington,DC,02/13/02
Veena,P,Gamgee,Asheville,NC,01/08/89
Galadriel,W,Imwe,Charlotte,NC,02/06/89
Hadley,K,Tyrell,Brooklyn,NY,04/22/77
Elrond,T,Rook,Washington,DC,07/16/02
Beyonce,O,Trump,Rochester,NY,05/05/96
Mal,L,Baggins,Raleigh,NC,06/22/98
Frodo,Q,Gaga,Salisbury,MD,06/25/02
Darth,H,Erso,Charlotte,NC,07/14/99
Cersei,M,Imwe,Baltimore,MD,04/06/02
Darth,J,Marshall,Blacksburg,VA,04/26/97
Natasha,U,Pitt,Hilton Head,SC,08/26/02
Jessica,J,Anders,New York,NY,07/18/02
Daenerys,R,Martell,Lynchburg,VA,09/17/84
Saruman,Q,Tyrell,Asheville,NC,04/16/02
Tony,N,Adama,York,PA,11/20/97
Beyonce,J,Obama,Lynchburg,VA,08/09/85
Galen,A,Rock,Albany,NY,07/30/02
Darth,T,Skywalker,Baltimore,MD,12/18/79
Jamie,S,Swift,Columbia,SC,06/05/84
Cassian,C,Thrace,Pittsburgh,PA,04/04/02
Taylor,C,Marshall,Blacksburg,VA,09/06/90
Bodhi,D,Agathon,Brooklyn,NY,05/26/02
Laura,A,Tyrell,Salisbury,MD,11/25/98
Luke,O,Targaryen,Hershey,PA,08/28/93
Bilbo,O,Targaryen,Geneva,NY,12/25/90
Bodhi,C,Wickham,York,PA,05/27/02
Merry,X,Erso,Washington,DC,10/23/02
Anakin,V,Zeitz,Salisbury,MD,09/16/98
Jennifer,K,Marshall,Charleston,SC,04/25/99
Poe,W,Tarkin,Hilton Head,SC,06/21/02
Sharon,G,Davies,Annapolis,MD,09/16/87
Zoe,L,Erso,St. Marys,MD,04/05/02
Yoda,H,Anders,Charlottesville,VA,06/14/92
Saul,L,Baggins,Greensboro,NC,11/16/98
Laura,U,Stark,Annapolis,MD,08/11/85
Gaius,N,Aniston,Hershey,PA,07/03/01
Sam,P,Baltar,Greenville,SC,11/29/92
Bruce,P,Tyrol,Geneva,NY,06/09/83
Steve,O,Imwe,York,PA,02/06/78
Merry,O,Wickham,New York,NY,11/18/94
Jay,V,Stark,Washington,DC,04/04/97
Zoe,W,Tyrell,Charlottesville,VA,02/28/91
Sauron,G,Erso,York,PA,11/13/99
Robb,X,Erso,St. Marys,MD,02/27/02
Andrew,T,Finlayson,Washington,DC,03/30/95
Saul,M,Marshall,Rochester,NY,07/06/97
Aragorn,U,Perry,Baltimore,MD,07/24/96
Finn,O,Aniston,Washington,DC,11/25/02
Lady,J,Gerrera,Washington,DC,12/09/89
Ian,R,Rook,Albany,NY,01/16/02
Anakin,X,Obama,Rochester,NY,01/05/82
Jamie,I,Kenobi,Washington,DC,11/03/97
Chirrut,Q,Erso,Charleston,SC,09/16/81
Beyonce,U,Adama,Asheville,NC,01/04/02
Obi-wan,Z,Greyjoy,Columbia,SC,03/22/95
Sam,T,Erso,Geneva,NY,03/03/94
Anakin,P,Tigh,Salisbury,MD,08/18/84
Darth,W,Adama,Blacksburg,VA,01/28/02
Boomer,H,Rook,Blacksburg,VA,07/15/89
Jon,W,Marshall,Stafford,VA,10/25/93
Tywin,A,Marshall,St. Marys,MD,09/06/86
Taylor,N,Andor,Charleston,SC,12/18/88
Cersei,L,Anders,Arlington,VA,03/04/91
Lady,S,Aniston,Rochester,NY,06/22/94
Jennifer,A,Tyrol,Arlington,VA,11/13/99
Karen,O,Obama,Washington,DC,11/02/02
Apollo,J,Baltar,Geneva,NY,04/23/95
Wash,W,Obama,Charlotte,NC,01/16/02
Tyrion,R,Agathon,Alexandria,VA,05/18/98
Gimli,Y,Polack,Greenville,SC,12/19/02
Bruce,O,Rook,Fredericksburg,VA,01/21/02
Elrond,Z,Greyjoy,Columbia,SC,11/15/01
Bruce,T,Skywalker,Hershey,PA,05/22/83
Cassian,S,Vale,Baltimore,MD,02/25/89
Zoe,S,Imwe,Brooklyn,NY,05/29/02
Brad,Z,Erso,Alexandria,VA,03/25/02
Brad,I,Incredible,Raleigh,NC,02/06/02
Steve,Q,Gerrera,Arlington,VA,05/14/01
Steve,Z,Tyrol,Wilmington,NC,12/24/02
Obi-wan,R,Perry,Spotsylvania,VA,04/01/95
Jennifer,G,Kenobi,Fredericksburg,VA,01/25/89
Arwen,B,Wickham,Alexandria,VA,03/23/91
Bruce,P,Ravishankar,Salisbury,MD,12/19/77
Luke,S,Swift,Washington,DC,11/21/88
Steve,N,Imwe,Harrisburg,PA,04/18/86
Beyonce,D,Agathon,Washington,DC,11/03/81
Brad,B,Swift,Washington,DC,08/25/02
Luke,U,Baltar,Alexandria,VA,09/23/02
Saw,Q,Zeitz,Richmond,VA,01/10/02
Robb,I,Lannister,St. Marys,MD,03/11/02
Jay,V,Skywalker,Blacksburg,VA,09/29/02
Zoe,O,Zeitz,Charlotte,NC,12/07/90
Taylor,G,Gaga,Hershey,PA,06/03/83
Sam,T,Tyrell,Annapolis,MD,05/23/99
Boomer,A,Martell,Spotsylvania,VA,07/02/82
Boomer,M,Rook,St. Marys,MD,03/09/90
Anakin,G,Imwe,Lynchburg,VA,03/29/02
Andrew,G,Vale,York,PA,05/30/01
Baze,W,Stark,St. Marys,MD,05/12/99
Natasha,A,Greyjoy,Washington,DC,08/07/02
Cersei,C,Lannister,Lynchburg,VA,04/30/01
Jennifer,M,Imwe,Alexandria,VA,11/17/94
Stephen,I,Anders,York,PA,01/16/00
Stephen,C,Polack,Stafford,VA,04/12/98
Pippin,E,Tarkin,Washington,DC,10/22/95
Zoe,P,Greyjoy,Lynchburg,VA,08/07/02
Gaius,E,Gaga,Fredericksburg,VA,08/22/71
Sharon,H,Gamgee,Charlottesville,VA,07/20/79
Jay,Z,Erso,Asheville,NC,03/20/88
Steve,C,Anders,St. Marys,MD,02/23/02
Merry,N,Rook,Washington,DC,02/16/02
Apollo,J,Targaryen,Columbia,SC,10/20/90
Frodo,K,Baggins,Fredericksburg,VA,11/18/85
Sharon,E,Gaga,Richmond,VA,08/22/91
Taylor,E,Swift,Philadelphia,PA,07/14/90
Saul,N,Anders,Lynchburg,VA,01/19/93
Hadley,L,Malbus,Annapolis,MD,08/19/02
Matt,Z,Andor,Asheville,NC,06/17/02
Saw,P,Finlayson,Richmond,VA,05/25/02
Gimli,B,Finlayson,Faquier,VA,08/03/94
Merry,N,Phasma,Harrisburg,PA,10/06/94
Gandalf,P,Organa,Hershey,PA,09/07/83
Zoe,L,Baggins,St. Marys,MD,03/07/82
Elrond,E,Agathon,York,PA,12/09/97
Tony,C,Baggins,Raleigh,NC,12/10/77
Aragorn,M,Baggins,Washington,DC,05/19/97
Matt,P,Aniston,Albany,NY,02/22/85
Jon,Y,Tyrell,Lynchburg,VA,05/04/02
Cassian,S,Tarkin,York,PA,05/30/01
Mal,P,Martell,Philadelphia,PA,09/13/84
Lady,S,Organa,Annapolis,MD,09/03/01
Yoda,I,Vale,Greenville,SC,10/09/89
Galadriel,I,Erso,Philadelphia,PA,04/06/90
Apollo,A,Greyjoy,Columbia,SC,11/25/92
Jennifer,I,Lannister,Geneva,NY,07/20/95
Chirrut,S,Tarkin,Rochester,NY,02/28/91
Robb,M,Incredible,St. Marys,MD,08/13/93
Legolas,R,Erso,Faquier,VA,07/28/02
Sam,A,Tyrol,Harrisburg,PA,05/16/94
Saruman,M,Baltar,Baltimore,MD,05/19/99
Katy,Y,Vale,Faquier,VA,10/10/97
Apollo,J,Davies,Washington,DC,06/15/02
Ian,W,Tyrell,Brooklyn,NY,03/11/93
Tyrion,I,Davies,Geneva,NY,01/29/00
Bilbo,G,Stark,Spotsylvania,VA,01/06/02
Karen,Z,Ravishankar,Blacksburg,VA,02/22/96
Frodo,C,Zeitz,York,PA,02/03/86
Finn,A,Anders,Arlington,VA,10/03/97
Wash,X,Tyrell,Lynchburg,VA,05/22/02
Matt,X,Perry,Raleigh,NC,09/10/02
Galen,Z,Rook,Alexandria,VA,02/03/02
Andrew,C,Gamgee,Washington,DC,04/10/94
Yoda,B,Anewalt,Charleston,SC,08/02/82
Elrond,O,Malbus,Faquier,VA,09/19/95
Apollo,M,Ravishankar,Charlotte,NC,04/04/02
Aragorn,E,Erso,Salisbury,MD,12/02/99
Gandalf,T,Rook,Alexandria,VA,08/12/92
Wash,T,Aniston,Washington,DC,08/20/70
Cassian,Q,Tigh,Stafford,VA,03/08/02
Taylor,P,Thrace,Washington,DC,06/13/02
Sauron,M,Tyrol,Spotsylvania,VA,09/22/79
Saruman,V,Stark,Columbia,SC,05/20/00
Elrond,W,Roslin,Hershey,PA,04/29/02
Arwen,U,Skywalker,Charlottesville,VA,11/03/02
Tony,V,Adama,Charleston,SC,01/25/02
Bruce,Q,Zeitz,Annapolis,MD,07/12/00
Galen,M,Obama,Charlottesville,VA,04/25/94
Tywin,J,Perry,Charlottesville,VA,05/21/95
Bodhi,N,Imwe,Pittsburgh,PA,01/07/02
Wash,Q,Agathon,Washington,DC,05/20/02
Boomer,O,Phasma,Stafford,VA,05/14/81
Natasha,N,Imwe,Albany,NY,12/29/89
Karen,D,Gamgee,Alexandria,VA,09/27/86
Sharon,K,Vale,Alexandria,VA,04/17/96
Gimli,P,Perry,Greenville,SC,04/28/02
Anakin,I,Swift,Richmond,VA,07/22/01
Finn,H,Tigh,Geneva,NY,12/24/02
Natasha,D,Davies,Hershey,PA,01/28/90
Galen,P,Pitt,Rochester,NY,02/03/98
Merry,L,Anewalt,Charlottesville,VA,04/28/02
Stephen,A,Roslin,St. Marys,MD,01/17/99
Steve,U,Finlayson,Fredericksburg,VA,07/30/81
Baze,L,Baggins,Annapolis,MD,09/11/02
Boomer,K,Swift,Charlotte,NC,09/09/02
Gandalf,P,Wickham,Raleigh,NC,04/28/89
Pippin,L,Kenobi,Annapolis,MD,07/27/69
Sharon,T,Skywalker,Annapolis,MD,09/12/01
Brad,N,Marshall,Hershey,PA,01/13/93
Anakin,Z,Stark,Charleston,SC,06/21/85
Jessica,R,Zeitz,Brooklyn,NY,08/25/98
Pippin,O,Kenobi,St. Marys,MD,11/27/86
Sam,J,Imwe,Rochester,NY,05/05/83
Sharon,D,Lannister,Annapolis,MD,02/25/91
Bodhi,O,Ravishankar,Richmond,VA,12/01/94
Jay,Y,Targaryen,Greenville,SC,09/26/02
Saul,L,Martell,Raleigh,NC,07/06/89
Chirrut,X,Organa,Blacksburg,VA,03/07/74
Tony,N,Pitt,Charlotte,NC,02/15/97
Darth,X,Phasma,Fredericksburg,VA,04/08/02
Stephen,N,Tyrell,Washington,DC,04/07/02
Chirrut,J,Erso,Fredericksburg,VA,10/11/02
Brad,Q,Gaga,Greensboro,NC,05/17/96
Pippin,W,Phasma,Annapolis,MD,04/19/97
Hadley,N,Gamgee,Brooklyn,NY,07/06/02
Bodhi,S,Rook,Baltimore,MD,07/28/80
Zoe,E,Baggins,Lynchburg,VA,08/25/76
Jamie,J,Targaryen,Rochester,NY,05/24/02
Andrew,R,Andor,Blacksburg,VA,07/27/88
Darth,X,Stark,Rochester,NY,09/14/02
Merry,O,Kenobi,Albany,NY,05/19/82
Jay,G,Greyjoy,Richmond,VA,09/06/02
Lady,Q,Baggins,Charlottesville,VA,01/22/75
Saul,Q,Ravishankar,Philadelphia,PA,08/22/88
Arwen,P,Obama,Annapolis,MD,05/01/01
Saw,A,Pitt,Washington,DC,09/18/90
Bruce,M,Tarkin,Pittsburgh,PA,04/24/02
Taylor,J,Martell,Harrisburg,PA,11/12/98
Jon,G,Davies,Faquier,VA,08/17/76
Ian,C,Zeitz,Salisbury,MD,07/27/95
Matt,H,Skywalker,Charleston,SC,05/25/76
Galen,W,Finlayson,Albany,NY,09/18/87
Beyonce,X,Pitt,Greenville,SC,02/01/02
Jon,C,Skywalker,Arlington,VA,07/20/89
Veena,C,Thrace,Hilton Head,SC,02/20/94
Mal,U,Obama,Albany,NY,06/26/02
Sam,I,Swift,Lynchburg,VA,12/03/00
Darth,A,Pitt,Stafford,VA,07/14/02
Katy,Q,Andor,Baltimore,MD,07/23/99
Boomer,D,Baltar,Columbia,SC,03/17/92
Beyonce,X,Trump,St. Marys,MD,02/04/90
Rey,Q,Marshall,Harrisburg,PA,09/16/00
Bodhi,M,Kenobi,Philadelphia,PA,01/05/02
Zoe,M,Gamgee,York,PA,03/12/98
Wash,S,Tyrol,Rochester,NY,11/06/94
Steve,Z,Ravishankar,Spotsylvania,VA,05/09/02
Jay,G,Anewalt,Philadelphia,PA,03/15/90
Jyn,U,Marshall,Richmond,VA,06/19/97
Apollo,V,Phasma,Charleston,SC,06/29/02
Lady,K,Rock,Baltimore,MD,10/29/95
Daenerys,H,Stark,Blacksburg,VA,08/14/91
Frodo,N,Targaryen,Annapolis,MD,01/21/93
Obi-wan,Y,Stark,Pittsburgh,PA,02/22/93
Saul,N,Imwe,Alexandria,VA,03/29/02
Tyrion,L,Aniston,Richmond,VA,11/29/97
Sharon,O,Erso,Washington,DC,03/29/02
Steve,G,Gamgee,Spotsylvania,VA,06/07/77
Galen,N,Finlayson,Philadelphia,PA,07/09/96
Cersei,Y,Rock,Baltimore,MD,11/04/82
Yoda,L,Tyrol,Geneva,NY,09/04/90
Anakin,V,Finlayson,New York,NY,04/04/02
Jon,G,Pitt,Richmond,VA,01/19/92
Darth,G,Greyjoy,Salisbury,MD,08/07/87
Anakin,P,Targaryen,Philadelphia,PA,09/29/02
Steve,B,Roslin,Washington,DC,12/26/02
Jon,X,Thrace,Stafford,VA,01/06/02
Mal,B,Greyjoy,Annapolis,MD,03/22/88
Karen,S,Stark,Stafford,VA,05/23/02
Karen,I,Rook,Geneva,NY,07/21/02
Wash,S,Incredible,Faquier,VA,11/04/95
Rey,S,Tyrell,Brooklyn,NY,11/14/02
Pippin,N,Malbus,Baltimore,MD,04/04/88
Hadley,Z,Tigh,St. Marys,MD,02/26/02
Galen,T,Martell,Greenville,SC,07/08/02
Hadley,H,Stark,Alexandria,VA,11/24/02
Gimli,U,Polack,Washington,DC,10/13/82
Galen,E,Martell,Rochester,NY,04/07/02
Halo,W,Anders,Alexandria,VA,07/03/02
Jon,G,Aniston,Salisbury,MD,10/05/99
Yoda,S,Tyrell,Charlottesville,VA,12/08/90
Saw,N,Andor,Charlotte,NC,12/10/85
Boomer,I,Greyjoy,Albany,NY,08/18/02
Brad,J,Erso,Blacksburg,VA,09/21/02
Karen,C,Targaryen,Raleigh,NC,07/16/77
Saul,Y,Organa,Spotsylvania,VA,11/24/99
Saruman,A,Thrace,Geneva,NY,11/21/02
Laura,M,Malbus,Washington,DC,09/18/02
Karen,J,Erso,Charlotte,NC,10/18/01
Zoe,W,Gaga,Wilmington,NC,08/16/84
Natasha,A,Gaga,Greenville,SC,05/14/78
Veena,M,Erso,Arlington,VA,07/22/98
Matt,H,Gerrera,St. Marys,MD,08/29/84
Merry,V,Skywalker,Charlotte,NC,07/15/02
Sauron,X,Skywalker,Charlotte,NC,10/26/02
Legolas,B,Perry,St. Marys,MD,03/28/02
Merry,E,Organa,Salisbury,MD,08/09/92
Steve,Q,Aniston,Stafford,VA,09/30/02
Bilbo,N,Martell,New York,NY,04/24/92
Galadriel,I,Finlayson,Washington,DC,08/22/83
Legolas,E,Skywalker,Raleigh,NC,05/23/02
Boomer,N,Adama,Fredericksburg,VA,06/01/99
Jon,P,Thrace,Washington,DC,09/17/97
Halo,X,Ravishankar,St. Marys,MD,12/29/01
Jennifer,A,Baggins,York,PA,09/20/89
Pippin,Z,Anewalt,Washington,DC,01/30/70
Daenerys,Z,Imwe,Baltimore,MD,08/20/74
Anakin,O,Wickham,Stafford,VA,01/23/84
Anakin,T,Stark,St. Marys,MD,09/10/02
Saul,T,Perry,Alexandria,VA,06/21/00
Taylor,Y,Lannister,Salisbury,MD,11/18/80
Darth,X,Polack,Greensboro,NC,10/07/99
Robb,B,Perry,Brooklyn,NY,07/24/82
Wash,K,Targaryen,Washington,DC,02/14/02
Mal,P,Pitt,Stafford,VA,07/06/78
Darth,D,Lannister,Charleston,SC,08/06/97
Halo,B,Baggins,Stafford,VA,09/04/02
Bruce,B,Tigh,Raleigh,NC,04/25/94
Sauron,B,Gaga,Washington,DC,05/29/70
Veena,Z,Gaga,Lynchburg,VA,11/12/93
Sam,K,Kenobi,Stafford,VA,08/17/02
Tywin,W,Thrace,Washington,DC,02/17/81
Yoda,C,Baggins,Annapolis,MD,11/07/79
Bruce,Y,Adama,Charlotte,NC,09/19/00
Jay,R,Aniston,Arlington,VA,01/12/02
Darth,P,Obama,Washington,DC,02/11/02
Veena,U,Gaga,Salisbury,MD,10/15/72
Darth,I,Imwe,Greenville,SC,10/12/87
Jennifer,J,Swift,Lynchburg,VA,09/29/01
Steve,L,Lannister,Alexandria,VA,05/20/90
Robb,G,Davies,Greensboro,NC,02/21/86
Cassian,E,Baggins,York,PA,12/23/98
Robb,T,Lannister,Geneva,NY,10/05/87
Merry,H,Aniston,St. Marys,MD,07/14/89
Jessica,M,Stark,Charleston,SC,04/02/91
Jessica,Q,Gamgee,Hilton Head,SC,02/14/02
Jon,M,Targaryen,Richmond,VA,03/10/02
Mal,E,Roslin,Raleigh,NC,08/21/93
Gimli,L,Swift,Charlottesville,VA,02/03/83
Daenerys,S,Swift,Rochester,NY,05/24/94
Mal,Y,Lannister,Brooklyn,NY,01/17/97
Sauron,T,Perry,Greenville,SC,07/13/75
Bodhi,P,Imwe,Baltimore,MD,01/09/98
Jessica,N,Trump,Washington,DC,03/07/86
Stephen,N,Ravishankar,Spotsylvania,VA,12/29/86
Lady,N,Agathon,Philadelphia,PA,07/10/95
Luke,H,Adama,Salisbury,MD,01/09/74
Aragorn,D,Martell,Spotsylvania,VA,06/04/85
Aragorn,A,Incredible,Wilmington,NC,05/20/02
Robb,A,Phasma,Lynchburg,VA,02/02/81
Luke,J,Tyrol,New York,NY,03/17/99
Poe,L,Agathon,Greensboro,NC,11/21/01
Saw,L,Erso,Annapolis,MD,03/09/02
Yoda,X,Gerrera,Hershey,PA,10/21/02
Elrond,K,Incredible,Richmond,VA,12/10/01
Elrond,M,Rook,Charlottesville,VA,07/30/83
Rey,V,Roslin,St. Marys,MD,06/03/02
Jamie,L,Polack,Charlottesville,VA,08/18/94
Cersei,Q,Skywalker,Rochester,NY,04/17/02
Gaius,L,Trump,Charleston,SC,02/18/02
Sauron,M,Wickham,Washington,DC,03/18/95
Cassian,U,Rook,Washington,DC,05/27/02
Zoe,T,Martell,Washington,DC,02/05/80
Daenerys,Q,Greyjoy,Charlottesville,VA,07/20/87
Rey,B,Tyrol,Charlotte,NC,02/04/86
Jyn,X,Gerrera,Blacksburg,VA,05/02/02
Tywin,X,Imwe,York,PA,04/01/98
Katy,U,Pitt,New York,NY,06/30/01
Saruman,M,Wickham,Richmond,VA,04/08/02
Saruman,O,Davies,Washington,DC,02/18/94
Taylor,M,Adama,Baltimore,MD,02/07/82
Laura,G,Imwe,St. Marys,MD,03/28/95
Tony,P,Agathon,Baltimore,MD,12/13/02
Rey,Y,Ravishankar,Columbia,SC,12/10/88
Sam,K,Organa,York,PA,12/01/85
Matt,O,Finlayson,New York,NY,07/04/02
Bruce,N,Roslin,Albany,NY,04/23/88
Matt,G,Baggins,Spotsylvania,VA,05/17/85
Katy,Z,Gaga,New York,NY,11/19/02
Merry,D,Tigh,St. Marys,MD,12/20/02
Sauron,T,Obama,Baltimore,MD,02/06/00
Ian,B,Lannister,Blacksburg,VA,10/08/02
Beyonce,R,Roslin,Charlottesville,VA,04/10/02
Karen,W,Finlayson,Pittsburgh,PA,01/12/01
Cassian,I,Malbus,Richmond,VA,10/28/98
Darth,O,Stark,Philadelphia,PA,03/02/77
Boomer,K,Perry,St. Marys,MD,11/23/79
Lady,R,Finlayson,Arlington,VA,04/21/70
Jay,E,Roslin,Brooklyn,NY,07/14/02
Pippin,M,Gaga,Annapolis,MD,03/25/92
Mal,X,Phasma,Geneva,NY,01/02/02
Jennifer,G,Phasma,Rochester,NY,01/17/91
Veena,O,Anewalt,Hilton Head,SC,09/06/83
Hadley,A,Marshall,Philadelphia,PA,06/21/02
Cersei,G,Andor,Blacksburg,VA,04/25/02
Aragorn,R,Gerrera,Alexandria,VA,01/19/88
Galadriel,U,Ravishankar,Washington,DC,08/15/85
Karen,M,Kenobi,Alexandria,VA,12/07/92
Lady,A,Aniston,Arlington,VA,07/11/90
Anakin,J,Phasma,Washington,DC,05/01/94
Galen,U,Martell,Arlington,VA,07/25/02
Jyn,A,Tarkin,Washington,DC,08/07/99
Apollo,R,Stark,Baltimore,MD,01/22/02
Halo,J,Malbus,Fredericksburg,VA,08/11/91
Saul,N,Martell,Charleston,SC,01/23/02
Poe,X,Marshall,Spotsylvania,VA,12/11/02
Saw,X,Phasma,Charleston,SC,03/22/95
Finn,R,Trump,New York,NY,12/29/82
Bilbo,X,Stark,New York,NY,11/02/93
Luke,J,Imwe,Charlotte,NC,04/29/93
Gaius,D,Swift,Baltimore,MD,12/08/80
Wash,C,Phasma,Salisbury,MD,09/11/99
Jamie,G,Agathon,Charleston,SC,07/06/92
Taylor,Z,Perry,Hilton Head,SC,10/13/87
Galadriel,N,Gamgee,Charleston,SC,04/17/73
Saw,A,Skywalker,Annapolis,MD,04/08/87
Elrond,U,Finlayson,St. Marys,MD,11/25/97
Ian,X,Tyrol,Arlington,VA,03/22/02
Anakin,M,Aniston,Harrisburg,PA,07/14/81
Daenerys,P,Baggins,Faquier,VA,04/10/94
Karen,Y,Tigh,Spotsylvania,VA,03/15/87
Finn,H,Organa,Faquier,VA,12/03/84
Saul,A,Perry,Philadelphia,PA,11/06/02
Bilbo,L,Malbus,Spotsylvania,VA,06/04/02
Steve,G,Martell,Annapolis,MD,02/15/98
Galen,S,Lannister,Richmond,VA,03/03/72
Arwen,V,Imwe,Columbia,SC,05/12/76
Jyn,I,Agathon,Richmond,VA,06/26/82
Karen,E,Anewalt,Richmond,VA,10/20/84
Gandalf,M,Davies,Fredericksburg,VA,02/12/83
Chirrut,V,Martell,Brooklyn,NY,07/11/96
Galadriel,X,Rook,Faquier,VA,10/29/02
Jyn,H,Wickham,Lynchburg,VA,12/25/98
Legolas,M,Trump,Alexandria,VA,03/19/02
Robb,W,Greyjoy,Washington,DC,10/17/86
Apollo,G,Baltar,Charlottesville,VA,12/18/83
Darth,A,Obama,Annapolis,MD,02/27/88
Bodhi,W,Targaryen,Baltimore,MD,07/06/88
Bruce,V,Perry,Asheville,NC,10/30/95
Matt,R,Swift,Charlottesville,VA,09/17/02
Brad,K,Organa,Rochester,NY,01/19/97
Poe,E,Roslin,Salisbury,MD,11/08/99
Taylor,L,Finlayson,Wilmington,NC,03/29/92
Brad,V,Phasma,Pittsburgh,PA,11/24/97
Stephen,H,Finlayson,Albany,NY,03/28/90
Zoe,W,Adama,Harrisburg,PA,04/11/99
Cassian,Q,Imwe,Richmond,VA,06/14/92
Saw,U,Davies,Spotsylvania,VA,07/02/75
Hadley,B,Baltar,Washington,DC,02/03/01
Apollo,P,Stark,Washington,DC,10/15/99
Saul,D,Gerrera,Charleston,SC,06/11/02
Yoda,Z,Martell,Baltimore,MD,09/13/02
Poe,T,Imwe,Hilton Head,SC,05/26/02
Bruce,Q,Obama,Hilton Head,SC,03/23/85
Gimli,C,Andor,Lynchburg,VA,04/05/88
Boomer,X,Trump,Rochester,NY,02/11/01
Jay,Q,Organa,Asheville,NC,12/15/94
Bilbo,M,Marshall,Faquier,VA,01/22/98
Andrew,K,Vale,Greensboro,NC,04/15/70
Jyn,O,Kenobi,Rochester,NY,12/12/95
Jon,K,Trump,York,PA,12/29/93
Pippin,A,Agathon,Alexandria,VA,10/21/02
Hadley,B,Roslin,Geneva,NY,04/21/02
Pippin,W,Davies,Asheville,NC,04/14/87
Saul,X,Zeitz,Stafford,VA,01/06/80
Tony,V,Tyrol,Salisbury,MD,05/01/94
Andrew,Q,Skywalker,Pittsburgh,PA,11/24/83
Matt,T,Thrace,Blacksburg,VA,12/05/82
Apollo,M,Martell,Stafford,VA,03/26/92
Bilbo,D,Ravishankar,Greensboro,NC,11/27/78
Laura,N,Wickham,Faquier,VA,10/14/02
Rey,P,Stark,Annapolis,MD,04/04/96
Zoe,M,Skywalker,Columbia,SC,11/18/02
Brad,S,Roslin,Harrisburg,PA,08/10/02
Hadley,J,Baltar,Columbia,SC,12/11/02
Luke,U,Pitt,Faquier,VA,10/25/02
Bodhi,H,Gaga,Annapolis,MD,08/24/01
Tyrion,S,Gamgee,Annapolis,MD,08/30/93
Natasha,H,Baggins,Harrisburg,PA,05/25/89
Jay,L,Roslin,Pittsburgh,PA,02/05/74
Chirrut,Z,Tarkin,Annapolis,MD,07/09/02
Merry,C,Aniston,Washington,DC,12/18/95
Merry,H,Perry,Alexandria,VA,12/12/02
Tywin,E,Swift,Wilmington,NC,04/24/91
Aragorn,G,Tyrol,Columbia,SC,12/14/02
Jay,G,Erso,Lynchburg,VA,09/26/92
Sauron,G,Kenobi,Arlington,VA,10/10/02
Cersei,O,Rock,Hershey,PA,07/21/02
Andrew,V,Zeitz,Greenville,SC,01/08/95
Apollo,Z,Tarkin,Baltimore,MD,07/20/97
Laura,N,Gerrera,Harrisburg,PA,08/12/93
Saruman,X,Gaga,Charlotte,NC,07/20/02
Obi-wan,V,Organa,Annapolis,MD,08/27/95
Elrond,I,Perry,Lynchburg,VA,07/19/02
Boomer,E,Lannister,Stafford,VA,08/13/02
Brad,C,Vale,Lynchburg,VA,03/28/02
Bilbo,C,Ravishankar,Spotsylvania,VA,03/12/02
Jennifer,V,Erso,Salisbury,MD,01/29/93
Daenerys,W,Stark,Wilmington,NC,01/24/02
Pippin,J,Obama,Baltimore,MD,06/01/01
Arwen,B,Rook,Hilton Head,SC,07/13/02
Cersei,O,Tyrell,Charlottesville,VA,09/12/77
Jessica,H,Baggins,Pittsburgh,PA,07/17/79
Sam,Y,Wickham,Blacksburg,VA,03/14/86
Chirrut,I,Obama,Alexandria,VA,12/02/94
Tyrion,O,Lannister,St. Marys,MD,09/28/84
Gimli,A,Organa,York,PA,06/18/02
Yoda,B,Rock,St. Marys,MD,11/04/92
Hadley,R,Andor,Charlottesville,VA,04/20/99
Stephen,M,Swift,St. Marys,MD,12/17/02
Baze,Q,Organa,Washington,DC,08/24/00
Elrond,K,Baltar,Harrisburg,PA,03/09/99
Lady,I,Tigh,Hilton Head,SC,06/07/87
Jyn,A,Greyjoy,Fredericksburg,VA,04/09/02
Apollo,G,Trump,Greenville,SC,11/15/00
Chirrut,E,Agathon,Washington,DC,05/22/82
Jamie,O,Martell,Raleigh,NC,08/17/79
Veena,Q,Stark,Washington,DC,07/01/90
Rey,N,Wickham,Richmond,VA,05/22/95
Gandalf,L,Malbus,Washington,DC,11/05/92
Cassian,E,Tigh,Hilton Head,SC,04/29/96
Chirrut,A,Martell,Hilton Head,SC,10/25/02
Bilbo,R,Kenobi,Pittsburgh,PA,01/12/02
Gimli,O,Anewalt,Hilton Head,SC,10/19/02
Galadriel,J,Finlayson,Asheville,NC,03/22/96
Beyonce,G,Baggins,Spotsylvania,VA,07/02/02
Rey,O,Roslin,Fredericksburg,VA,01/25/93
Pippin,T,Vale,Brooklyn,NY,04/11/02
Zoe,Y,Tyrol,Richmond,VA,09/17/02
Jon,T,Pitt,Hershey,PA,07/12/86
Ian,J,Baggins,Alexandria,VA,02/11/82
Taylor,P,Phasma,St. Marys,MD,12/25/93
Apollo,R,Pitt,Columbia,SC,08/04/96
Bruce,L,Malbus,Lynchburg,VA,10/22/94
Veena,K,Kenobi,New York,NY,02/05/89
Elrond,R,Ravishankar,Lynchburg,VA,05/05/97
Yoda,N,Gaga,Faquier,VA,03/26/00
Bodhi,D,Kenobi,Annapolis,MD,01/10/91
Arwen,O,Vale,Greenville,SC,12/27/93
Arwen,Z,Targaryen,Asheville,NC,02/20/00
Galen,J,Tigh,Faquier,VA,12/12/89
Jon,V,Adama,Charlottesville,VA,03/02/76
Galen,E,Andor,Washington,DC,01/11/94
Katy,L,Imwe,Greensboro,NC,08/09/02
Yoda,D,Organa,Blacksburg,VA,10/19/88
Tywin,X,Anders,Charleston,SC,04/21/02
Aragorn,I,Trump,Lynchburg,VA,11/15/99
Andrew,W,Rock,Brooklyn,NY,04/23/02
Cassian,C,Imwe,Hershey,PA,12/11/02
Galadriel,E,Lannister,Hilton Head,SC,09/01/95
Jyn,R,Anewalt,Rochester,NY,11/22/95
Aragorn,Y,Zeitz,Raleigh,NC,07/14/96
Rey,Q,Swift,Charlottesville,VA,09/22/92
Lady,B,Tarkin,Hilton Head,SC,06/05/00
Sharon,U,Anders,Brooklyn,NY,11/25/92
Andrew,M,Martell,Blacksburg,VA,10/14/02
Finn,G,Tyrol,Baltimore,MD,08/02/95
Gimli,A,Aniston,Washington,DC,04/25/90
Apollo,D,Gaga,Washington,DC,09/08/85
Tyrion,B,Greyjoy,Greenville,SC,12/24/92
Zoe,Q,Baltar,Annapolis,MD,01/21/02
Galen,L,Trump,Charlottesville,VA,05/27/93
Taylor,M,Obama,Charlottesville,VA,07/09/02
Darth,T,Rook,Faquier,VA,10/26/02
Baze,Y,Andor,Columbia,SC,04/23/02
Saw,G,Vale,Charleston,SC,12/13/92
Gimli,Q,Andor,Albany,NY,01/08/02
Saruman,J,Zeitz,Spotsylvania,VA,11/14/85
Lady,D,Imwe,Annapolis,MD,06/04/93
Gandalf,L,Davies,Raleigh,NC,10/04/88
Galen,Q,Targaryen,Faquier,VA,06/29/02
Poe,P,Polack,Faquier,VA,10/04/02
Tyrion,N,Malbus,Salisbury,MD,05/01/94
Bodhi,U,Gamgee,Geneva,NY,12/24/02
Jennifer,T,Tyrol,Charlottesville,VA,05/26/89
Jay,K,Thrace,Annapolis,MD,04/19/84
Galen,O,Erso,Arlington,VA,03/29/02
Jessica,B,Thrace,Lynchburg,VA,07/28/02
Natasha,Z,Baltar,York,PA,12/20/90
Matt,I,Adama,Hilton Head,SC,06/17/97
Steve,P,Tarkin,Washington,DC,01/06/01
Arwen,E,Vale,Charlottesville,VA,08/21/96
Daenerys,N,Martell,Salisbury,MD,10/12/02
Jessica,J,Perry,Geneva,NY,04/27/85
Cassian,I,Erso,Baltimore,MD,07/28/96
Jay,S,Rock,Washington,DC,06/12/95
Obi-wan,B,Baggins,Pittsburgh,PA,02/14/90
Anakin,H,Gaga,Salisbury,MD,07/25/95
Galadriel,B,Greyjoy,Hilton Head,SC,10/19/98
Obi-wan,Z,Finlayson,Fredericksburg,VA,07/22/02
Poe,G,Tigh,Washington,DC,01/28/02
Steve,V,Pitt,Arlington,VA,12/14/02
Gimli,R,Perry,Faquier,VA,06/13/88
Saul,G,Andor,Baltimore,MD,05/20/82
Veena,T,Gaga,St. Marys,MD,01/28/02
Obi-wan,X,Tyrol,Pittsburgh,PA,01/04/02
Elrond,E,Trump,Charleston,SC,06/03/02
Hadley,S,Vale,Fredericksburg,VA,01/09/02
Rey,J,Thrace,Salisbury,MD,12/29/02
Tyrion,Q,Tyrell,Lynchburg,VA,01/08/91
Tyrion,C,Kenobi,Richmond,VA,05/10/02
Poe,N,Zeitz,Harrisburg,PA,03/02/94
Lady,Y,Aniston,Salisbury,MD,05/20/88
Tony,A,Organa,Blacksburg,VA,07/12/99
Tywin,B,Targaryen,Hilton Head,SC,02/14/01
Saul,Z,Malbus,Wilmington,NC,08/23/02
Finn,R,Targaryen,Alexandria,VA,03/04/92
Galadriel,N,Lannister,Geneva,NY,10/03/83
Cassian,Q,Pitt,Hilton Head,SC,03/06/81
Tyrion,G,Baggins,Stafford,VA,02/05/02
Sauron,K,Organa,Faquier,VA,06/26/02
Galadriel,J,Malbus,Raleigh,NC,12/17/93
Sauron,Z,Phasma,Baltimore,MD,01/20/83
Anakin,R,Anewalt,Greenville,SC,03/06/79
Aragorn,J,Targaryen,New York,NY,02/06/94
Legolas,P,Phasma,Raleigh,NC,10/07/02
Chirrut,H,Vale,Pittsburgh,PA,08/27/02
Baze,V,Finlayson,St. Marys,MD,08/27/02
Bodhi,H,Imwe,Baltimore,MD,03/19/02
Finn,C,Andor,St. Marys,MD,07/18/02
Cersei,V,Kenobi,Arlington,VA,06/01/80
Obi-wan,H,Anewalt,St. Marys,MD,08/04/02
Jamie,H,Andor,Pittsburgh,PA,08/02/88
Sharon,A,Vale,Albany,NY,02/13/02
Frodo,J,Finlayson,Richmond,VA,01/30/88
Galadriel,R,Tyrell,Hershey,PA,01/24/84
Hadley,D,Kenobi,Salisbury,MD,12/03/02
Yoda,U,Skywalker,Annapolis,MD,11/04/87
Baze,B,Baggins,St. Marys,MD,06/14/98
Stephen,E,Gaga,Washington,DC,03/11/71
Andrew,D,Skywalker,Faquier,VA,05/22/81
Anakin,C,Incredible,Washington,DC,02/03/02
Galen,G,Malbus,Baltimore,MD,09/26/87
Andrew,Q,Martell,Blacksburg,VA,01/11/85
Cassian,X,Zeitz,Greensboro,NC,12/08/82
Chirrut,Z,Anewalt,Annapolis,MD,06/01/98
Obi-wan,D,Thrace,Washington,DC,02/22/99
Obi-wan,G,Greyjoy,Greenville,SC,03/22/97
Pippin,Y,Wickham,Washington,DC,04/22/99
Baze,O,Organa,Fredericksburg,VA,12/17/84
Steve,M,Wickham,Geneva,NY,09/28/87
Zoe,X,Pitt,Raleigh,NC,04/21/02
Tywin,K,Rook,Harrisburg,PA,01/12/02
Jon,Y,Ravishankar,Hilton Head,SC,03/07/02
Sharon,M,Thrace,Arlington,VA,07/22/91
Natasha,Q,Davies,Faquier,VA,12/02/95
Chirrut,S,Rook,Brooklyn,NY,12/25/98
Steve,Q,Imwe,Blacksburg,VA,11/26/85
Hadley,Y,Lannister,Wilmington,NC,07/16/84
Jennifer,U,Kenobi,Hilton Head,SC,03/14/92
Galen,Q,Davies,Alexandria,VA,10/21/02
Zoe,M,Incredible,Fredericksburg,VA,07/15/02
Karen,Q,Rook,Lynchburg,VA,09/26/02
Jay,A,Adama,Greenville,SC,08/04/99
Darth,Z,Aniston,Lynchburg,VA,07/29/02
Tywin,A,Zeitz,Annapolis,MD,02/28/97
Tony,L,Ravishankar,Washington,DC,06/06/82
Anakin,G,Malbus,Brooklyn,NY,12/17/94
Apollo,M,Gaga,Rochester,NY,04/11/95
Lady,H,Phasma,Washington,DC,05/15/02
Cassian,X,Vale,York,PA,01/12/71
Gimli,R,Polack,Hilton Head,SC,02/14/91
Jennifer,V,Gamgee,Charlotte,NC,09/09/90
Sharon,X,Skywalker,Pittsburgh,PA,02/05/93
Yoda,X,Thrace,Richmond,VA,10/28/02
Aragorn,I,Kenobi,Hershey,PA,06/15/02
Matt,M,Baggins,Harrisburg,PA,10/21/82
Hadley,T,Rock,Raleigh,NC,07/15/87
Saruman,N,Greyjoy,Washington,DC,02/13/87
Steve,X,Aniston,Raleigh,NC,07/24/96
Gimli,D,Tarkin,Charleston,SC,10/24/78
Jon,V,Tigh,Asheville,NC,08/27/92
Gimli,A,Kenobi,Charlottesville,VA,03/02/86
Boomer,Z,Gerrera,Arlington,VA,04/07/02
Merry,R,Trump,Charleston,SC,03/21/92
Finn,D,Rock,Salisbury,MD,06/12/92
Gandalf,Z,Ravishankar,Greenville,SC,10/15/02
Mal,L,Greyjoy,Pittsburgh,PA,01/30/90
Beyonce,C,Greyjoy,Brooklyn,NY,02/23/92
Jennifer,Y,Greyjoy,Annapolis,MD,10/15/87
Apollo,R,Swift,Annapolis,MD,07/15/02
Ian,H,Vale,Rochester,NY,07/27/01
Saruman,L,Rook,Stafford,VA,01/07/98
Galadriel,M,Aniston,Asheville,NC,05/02/02
Darth,H,Baltar,Fredericksburg,VA,10/04/83
Taylor,C,Gaga,Annapolis,MD,08/05/97
Baze,Y,Thrace,Lynchburg,VA,10/11/87
Obi-wan,Z,Phasma,Asheville,NC,04/30/76
Robb,M,Vale,Fredericksburg,VA,02/19/02
Brad,A,Finlayson,St. Marys,MD,05/04/85
Saw,E,Polack,Pittsburgh,PA,01/05/83
Darth,E,Imwe,Charlottesville,VA,07/09/02
Frodo,J,Tarkin,Columbia,SC,02/07/84
Gimli,B,Kenobi,Salisbury,MD,11/25/97
Beyonce,K,Tyrol,Rochester,NY,04/11/77
Darth,D,Gaga,Annapolis,MD,12/30/02
Legolas,A,Adama,Rochester,NY,12/25/02
Arwen,W,Tyrell,Baltimore,MD,09/14/97
Sharon,O,Tyrell,St. Marys,MD,05/18/87
Sharon,N,Perry,Alexandria,VA,04/18/95
Apollo,K,Roslin,Pittsburgh,PA,11/05/01
Gaius,T,Davies,Greensboro,NC,04/12/91
Frodo,Q,Greyjoy,Blacksburg,VA,10/20/02
Beyonce,C,Gaga,Faquier,VA,10/26/00
Natasha,R,Stark,Geneva,NY,10/21/02
Saruman,W,Tarkin,St. Marys,MD,06/18/83
Merry,U,Aniston,St. Marys,MD,05/29/86
Baze,D,Zeitz,Salisbury,MD,03/03/02
Jessica,Y,Targaryen,Columbia,SC,01/17/92
Galen,Q,Erso,Pittsburgh,PA,05/13/94
Chirrut,D,Tigh,Blacksburg,VA,07/12/02
Baze,Y,Gamgee,Pittsburgh,PA,08/11/01
Legolas,Y,Baggins,Salisbury,MD,10/04/99
Bilbo,Q,Obama,Fredericksburg,VA,04/23/85
Galadriel,D,Incredible,Alexandria,VA,11/27/00
Elrond,M,Greyjoy,Blacksburg,VA,10/07/02
Poe,K,Polack,Geneva,NY,09/28/93
Halo,K,Gamgee,Arlington,VA,06/10/02
Robb,C,Thrace,Geneva,NY,11/06/96
Jennifer,Z,Phasma,Richmond,VA,03/15/91
Robb,C,Pitt,Charleston,SC,06/04/95
Halo,C,Pitt,Stafford,VA,04/25/94
Ian,X,Baggins,Columbia,SC,02/09/76
Luke,Y,Kenobi,Baltimore,MD,03/05/87
Boomer,U,Imwe,Salisbury,MD,07/19/96
Jessica,M,Finlayson,Alexandria,VA,01/24/02
Finn,P,Phasma,Salisbury,MD,07/19/93
Aragorn,J,Skywalker,Washington,DC,02/16/95
Legolas,V,Malbus,Spotsylvania,VA,05/06/93
Bruce,D,Roslin,Washington,DC,05/27/02
Tony,B,Tyrell,Harrisburg,PA,04/25/02
Legolas,R,Tyrell,Richmond,VA,04/23/02
Sam,K,Baggins,Washington,DC,10/22/02
Brad,T,Greyjoy,Faquier,VA,07/13/95
Sauron,U,Andor,Geneva,NY,07/03/97
Apollo,R,Zeitz,Annapolis,MD,10/21/81
Natasha,K,Davies,Lynchburg,VA,06/27/00
Pippin,C,Baltar,Baltimore,MD,10/27/93
Jennifer,L,Wickham,Baltimore,MD,11/29/87
Cassian,A,Polack,Annapolis,MD,10/30/02
Halo,O,Gaga,Hilton Head,SC,12/30/85
Laura,K,Gamgee,Alexandria,VA,05/15/80
Bruce,L,Targaryen,Charleston,SC,11/06/89
Boomer,G,Tyrol,Salisbury,MD,10/14/88
Galadriel,I,Malbus,Fredericksburg,VA,07/21/02
Taylor,G,Rook,St. Marys,MD,11/17/82
Jay,N,Greyjoy,Stafford,VA,01/05/78
Saruman,H,Polack,Richmond,VA,02/14/92
Brad,K,Greyjoy,Blacksburg,VA,12/26/86
Veena,B,Pitt,Annapolis,MD,02/09/99
Gaius,T,Anewalt,Harrisburg,PA,09/26/97
Galen,Z,Pitt,Fredericksburg,VA,07/13/02
Jennifer,A,Zeitz,New York,NY,08/28/02
Gaius,B,Tyrol,Albany,NY,07/22/02
Natasha,N,Baggins,St. Marys,MD,04/13/94
Natasha,O,Greyjoy,Richmond,VA,07/25/82
Bruce,U,Anders,Harrisburg,PA,04/12/02
Lady,B,Organa,Washington,DC,02/09/02
Jessica,O,Organa,Rochester,NY,05/10/84
Baze,S,Anders,Blacksburg,VA,07/03/00
Saruman,N,Tigh,Alexandria,VA,04/03/92
Cersei,N,Marshall,Washington,DC,02/14/02
Galen,E,Tyrell,Spotsylvania,VA,09/16/88
Jay,U,Phasma,Hershey,PA,03/04/80
Cassian,U,Trump,Richmond,VA,05/07/98
Saw,U,Anewalt,Greensboro,NC,03/15/01
Zoe,W,Aniston,Raleigh,NC,09/04/01
Galadriel,N,Adama,Hilton Head,SC,12/04/02
Sharon,G,Trump,Annapolis,MD,02/01/90
Jyn,Z,Baltar,Annapolis,MD,12/04/92
Galen,L,Aniston,Spotsylvania,VA,07/23/90
Laura,B,Davies,Washington,DC,01/04/02
Tywin,S,Andor,Blacksburg,VA,10/03/90
Tyrion,W,Rock,Washington,DC,01/22/02
Daenerys,G,Skywalker,Annapolis,MD,01/05/97
Finn,T,Vale,Charlottesville,VA,06/14/86
Jamie,X,Organa,Greenville,SC,02/08/02
Obi-wan,M,Vale,Alexandria,VA,03/26/93
Bodhi,K,Andor,Annapolis,MD,07/14/89
Anakin,A,Baggins,York,PA,08/21/01
Tywin,H,Anders,Spotsylvania,VA,07/30/02
Bodhi,L,Gaga,Baltimore,MD,11/29/78
Tyrion,L,Incredible,Lynchburg,VA,09/22/88
Katy,I,Baltar,Hilton Head,SC,12/05/87
Saul,B,Organa,Columbia,SC,08/24/79
Yoda,M,Aniston,Greensboro,NC,07/17/89
Jyn,J,Tarkin,Greensboro,NC,06/19/02
Beyonce,B,Tarkin,Washington,DC,08/24/02
Merry,X,Tarkin,Greenville,SC,09/08/91
Lady,K,Malbus,Annapolis,MD,08/06/83
Brad,O,Anders,Salisbury,MD,04/14/77
Wash,U,Tyrell,Arlington,VA,08/29/77
Jay,V,Tyrol,Baltimore,MD,03/14/96
Tywin,P,Tigh,Richmond,VA,09/25/91
Gaius,B,Aniston,St. Marys,MD,07/29/91
Wash,H,Aniston,Albany,NY,02/27/02
Hadley,M,Pitt,Washington,DC,10/07/76
Veena,I,Phasma,Charleston,SC,02/28/82
Mal,M,Tyrol,Washington,DC,03/21/93
Lady,M,Polack,Salisbury,MD,04/04/02
Gaius,R,Pitt,Washington,DC,10/24/95
Stephen,Z,Wickham,St. Marys,MD,11/19/99
Karen,J,Wickham,Washington,DC,11/10/85
Laura,P,Tyrol,Greenville,SC,02/19/81
Legolas,V,Andor,Washington,DC,01/04/97
Robb,E,Stark,Fredericksburg,VA,10/26/98
Veena,H,Wickham,Faquier,VA,01/03/90
Apollo,C,Wickham,Annapolis,MD,09/28/02
Jyn,W,Adama,Lynchburg,VA,02/04/02
Wash,R,Erso,Arlington,VA,06/23/02
Cersei,W,Ravishankar,Blacksburg,VA,01/20/75
Cassian,T,Aniston,Salisbury,MD,10/06/96
Aragorn,Q,Vale,Washington,DC,01/21/86
Poe,O,Tyrol,Harrisburg,PA,12/25/97
Finn,L,Tyrell,Columbia,SC,05/02/02
Luke,Z,Davies,Charlottesville,VA,04/05/84
Veena,S,Phasma,Blacksburg,VA,02/02/84
Darth,C,Aniston,Blacksburg,VA,04/19/98
Pippin,G,Rook,Richmond,VA,04/06/97
Jay,C,Finlayson,Wilmington,NC,03/27/61
Andrew,H,Baltar,Alexandria,VA,01/15/02
Gandalf,X,Perry,Fredericksburg,VA,09/18/88
Aragorn,L,Tyrol,Blacksburg,VA,07/29/94
Rey,B,Lannister,Washington,DC,12/07/02
Sauron,Z,Thrace,Rochester,NY,11/24/00
Brad,I,Tyrol,Columbia,SC,12/05/01
Tyrion,I,Andor,Geneva,NY,04/27/02
Tywin,I,Finlayson,Fredericksburg,VA,04/06/02
Jamie,D,Baggins,Hilton Head,SC,01/15/87
Wash,P,Phasma,Annapolis,MD,11/19/92
Baze,H,Gerrera,Brooklyn,NY,01/03/94
Aragorn,D,Ravishankar,Baltimore,MD,01/25/92
Yoda,H,Targaryen,Pittsburgh,PA,05/13/80
Jennifer,V,Gerrera,Washington,DC,11/25/02
Andrew,E,Baggins,Washington,DC,03/27/01
Bilbo,O,Thrace,Richmond,VA,02/19/87
Tyrion,D,Targaryen,Salisbury,MD,10/04/02
Gaius,O,Baggins,St. Marys,MD,10/05/88
Saul,Y,Obama,Washington,DC,06/28/92
Wash,Q,Polack,Charleston,SC,06/17/97
Katy,H,Imwe,Albany,NY,02/17/02
Steve,L,Gamgee,Spotsylvania,VA,02/26/78
Beyonce,G,Adama,Columbia,SC,03/19/99
Tywin,Q,Zeitz,Columbia,SC,09/07/78
Ian,Z,Tigh,Salisbury,MD,12/23/80
Anakin,M,Rock,Baltimore,MD,07/20/02
Jamie,O,Imwe,Washington,DC,11/12/00
Saw,X,Stark,Alexandria,VA,03/09/01
Gaius,W,Davies,Rochester,NY,07/17/00
Mal,A,Gaga,New York,NY,01/05/96
Bruce,U,Tyrol,Salisbury,MD,08/19/92
Baze,Z,Finlayson,Washington,DC,11/21/02
Laura,H,Trump,Charleston,SC,05/06/88
Cassian,V,Lannister,Columbia,SC,05/02/96
Veena,W,Trump,Fredericksburg,VA,02/10/97
Gaius,G,Stark,Washington,DC,02/07/00
Hadley,Z,Trump,York,PA,06/03/91
Tywin,X,Vale,Charlottesville,VA,12/28/91
Legolas,B,Anders,Charlottesville,VA,07/12/01
Galen,H,Baltar,Stafford,VA,11/06/02
Taylor,M,Swift,Wilmington,NC,12/22/02
Lady,N,Zeitz,Fredericksburg,VA,01/17/96
Boomer,K,Anders,Asheville,NC,07/23/94
Lady,K,Martell,Charlotte,NC,05/21/02
Luke,P,Polack,Annapolis,MD,05/01/91
Jennifer,Y,Thrace,Alexandria,VA,11/28/02
Anakin,Q,Stark,Lynchburg,VA,09/22/98
Tyrion,S,Polack,Salisbury,MD,02/02/86
Baze,X,Rook,St. Marys,MD,07/06/02
Zoe,K,Trump,Spotsylvania,VA,03/25/93
Apollo,J,Thrace,Greensboro,NC,04/03/02
Daenerys,V,Anewalt,Brooklyn,NY,06/15/93
Bilbo,N,Incredible,Lynchburg,VA,02/08/91
Laura,S,Malbus,Hershey,PA,10/30/02
Anakin,K,Lannister,Philadelphia,PA,10/08/02
Katy,T,Polack,Salisbury,MD,09/09/98
Saruman,Q,Anders,Greensboro,NC,01/18/85
Bodhi,M,Tigh,Charlottesville,VA,12/23/00
Katy,D,Targaryen,Arlington,VA,03/07/02
Cassian,E,Roslin,Wilmington,NC,04/04/00
Ian,A,Perry,Charleston,SC,05/11/93
Karen,Q,Anders,Charlotte,NC,07/04/84
Sam,Y,Rook,Spotsylvania,VA,12/13/83
Sharon,Q,Ravishankar,Harrisburg,PA,02/04/92
Yoda,W,Gamgee,Geneva,NY,10/25/02
Chirrut,U,Stark,Washington,DC,10/13/91
Galen,X,Andor,St. Marys,MD,09/26/90
Cersei,P,Greyjoy,Greensboro,NC,07/17/79
Cassian,K,Roslin,Alexandria,VA,05/12/86
Chirrut,K,Agathon,St. Marys,MD,09/15/02
Stephen,I,Gaga,Wilmington,NC,09/21/02
Karen,J,Lannister,Asheville,NC,07/05/02
Karen,D,Tarkin,Washington,DC,10/17/90
Baze,A,Imwe,Fredericksburg,VA,03/19/98
Poe,I,Thrace,Fredericksburg,VA,11/27/99
Cassian,W,Lannister,York,PA,11/13/02
Lady,X,Vale,Blacksburg,VA,04/01/85
Jessica,Y,Tigh,Alexandria,VA,06/10/02
Darth,Y,Tyrol,Charlottesville,VA,02/03/96
Frodo,Y,Andor,St. Marys,MD,05/03/72
Frodo,W,Skywalker,Fredericksburg,VA,12/19/02
Gaius,H,Zeitz,St. Marys,MD,08/23/02
Galadriel,D,Zeitz,Salisbury,MD,06/22/02
Legolas,M,Martell,Hershey,PA,01/11/02
Chirrut,P,Imwe,New York,NY,06/21/02
Yoda,T,Baltar,Fredericksburg,VA,01/08/74
Steve,O,Swift,Charleston,SC,08/29/87
Tyrion,Z,Skywalker,Richmond,VA,09/30/83
Gimli,O,Malbus,Richmond,VA,12/03/02
Natasha,Q,Tarkin,Philadelphia,PA,08/19/02
Jon,H,Targaryen,Blacksburg,VA,03/28/97
Sharon,J,Roslin,Annapolis,MD,07/19/02
Tyrion,G,Marshall,Arlington,VA,03/21/85
Galen,J,Organa,New York,NY,10/03/96
Galadriel,E,Anders,Rochester,NY,10/28/79
Karen,B,Trump,Annapolis,MD,04/22/96
Elrond,G,Rook,Charlottesville,VA,06/10/02
Wash,N,Trump,Raleigh,NC,01/01/85
Laura,A,Gerrera,St. Marys,MD,12/12/89
Saruman,T,Skywalker,Blacksburg,VA,03/19/94
Bodhi,B,Anewalt,Geneva,NY,04/07/02
Laura,W,Marshall,Rochester,NY,08/17/80
Sauron,Q,Organa,Hershey,PA,05/27/01
Obi-wan,N,Swift,Blacksburg,VA,09/30/97
Merry,P,Kenobi,Baltimore,MD,04/21/86
Bruce,P,Malbus,Baltimore,MD,04/02/95
Saw,V,Thrace,Hilton Head,SC,02/01/00
Frodo,W,Andor,Wilmington,NC,04/08/02
Natasha,H,Zeitz,Washington,DC,07/18/77
Steve,D,Swift,Richmond,VA,01/21/94
Stephen,K,Aniston,Brooklyn,NY,02/24/02
Lady,E,Roslin,Charleston,SC,02/27/99
Katy,J,Kenobi,Albany,NY,07/17/01
Rey,I,Stark,St. Marys,MD,04/09/79
Chirrut,H,Ravishankar,Salisbury,MD,03/22/02
Andrew,M,Phasma,Arlington,VA,11/26/94
Merry,J,Imwe,Geneva,NY,12/07/02
Cassian,C,Phasma,Fredericksburg,VA,04/22/87
Bruce,P,Imwe,Baltimore,MD,05/03/80
Yoda,U,Vale,Washington,DC,02/10/94
Saul,Q,Gaga,New York,NY,07/13/92
Jessica,C,Vale,Charlotte,NC,07/20/97
Brad,W,Aniston,Hershey,PA,02/24/02
Taylor,Z,Trump,St. Marys,MD,01/24/02
Galen,L,Marshall,St. Marys,MD,11/24/01
Laura,D,Finlayson,Salisbury,MD,04/14/67
Arwen,M,Stark,St. Marys,MD,03/23/97
Jamie,Q,Organa,York,PA,08/16/83
Andrew,B,Tigh,Charlottesville,VA,04/07/98
Darth,B,Roslin,Annapolis,MD,03/30/94
Poe,T,Tyrell,Hershey,PA,01/25/99
Cersei,I,Perry,Brooklyn,NY,07/30/99
Sam,K,Gamgee,Hershey,PA,04/21/73
Gaius,Z,Andor,Salisbury,MD,06/30/86
Laura,Z,Kenobi,Rochester,NY,03/12/02
Galen,I,Adama,Pittsburgh,PA,12/17/02
Tywin,J,Incredible,Blacksburg,VA,01/25/83
Frodo,S,Imwe,Washington,DC,03/24/02
Legolas,M,Andor,Fredericksburg,VA,09/29/96
Saruman,I,Tyrol,Arlington,VA,12/06/92
Lady,R,Andor,Geneva,NY,04/13/02
Bilbo,N,Anewalt,Annapolis,MD,06/13/99
Sharon,D,Kenobi,Arlington,VA,04/22/87
Cassian,P,Stark,Fredericksburg,VA,02/18/89
Merry,B,Tyrol,Faquier,VA,08/14/02
Jessica,A,Tyrell,Richmond,VA,01/19/02
Darth,T,Gerrera,Greenville,SC,01/20/02
Galadriel,V,Davies,St. Marys,MD,08/25/00
Legolas,K,Organa,Albany,NY,10/28/90
Tywin,S,Aniston,Baltimore,MD,04/19/76
Zoe,N,Anewalt,Washington,DC,04/06/02
Legolas,O,Kenobi,Blacksburg,VA,10/19/92
Yoda,A,Roslin,Albany,NY,07/20/02
Jessica,Z,Trump,Washington,DC,07/21/02
Bilbo,L,Adama,Richmond,VA,06/09/73
Poe,I,Tyrell,Annapolis,MD,05/08/02
Tony,L,Trump,Richmond,VA,02/28/02
Jennifer,N,Rook,Salisbury,MD,05/16/02
Legolas,I,Baltar,York,PA,02/10/02
Galadriel,I,Pitt,Charlotte,NC,08/18/84
Wash,L,Marshall,Fredericksburg,VA,11/16/98
Andrew,E,Baltar,Salisbury,MD,08/08/02
Karen,L,Rook,Brooklyn,NY,10/19/02
Zoe,T,Tigh,New York,NY,12/10/95
Baze,Z,Baltar,Alexandria,VA,11/05/97
Poe,W,Phasma,Blacksburg,VA,07/28/89
Wash,K,Skywalker,Annapolis,MD,05/03/02
Aragorn,N,Polack,Asheville,NC,05/09/92
Stephen,O,Anders,Salisbury,MD,09/21/00
Gandalf,M,Gamgee,Charleston,SC,04/25/86
Merry,M,Baltar,Salisbury,MD,12/27/02
Saul,C,Ravishankar,Lynchburg,VA,01/23/95
Robb,B,Phasma,Faquier,VA,12/10/86
Saul,Z,Trump,Hilton Head,SC,12/12/95
Mal,G,Zeitz,Salisbury,MD,04/22/02
Gandalf,P,Aniston,Fredericksburg,VA,12/29/02
Tyrion,M,Tyrol,York,PA,08/02/90
Yoda,E,Gaga,St. Marys,MD,08/05/93
Poe,U,Imwe,Richmond,VA,10/07/76
Natasha,R,Ravishankar,Wilmington,NC,05/17/02
Darth,C,Polack,Philadelphia,PA,11/20/02
Aragorn,Z,Tarkin,Charlottesville,VA,08/23/93
Baze,K,Baltar,Baltimore,MD,12/19/93
Katy,P,Trump,Alexandria,VA,08/12/58
Frodo,O,Tigh,Geneva,NY,06/26/02
Veena,B,Adama,Greenville,SC,03/28/81
Sam,Y,Roslin,Charlottesville,VA,06/13/98
Pippin,B,Andor,Salisbury,MD,05/29/02
Matt,R,Ravishankar,Fredericksburg,VA,06/30/02
Laura,Z,Rock,Asheville,NC,01/24/00
Apollo,L,Tarkin,Fredericksburg,VA,06/01/94
Katy,Z,Finlayson,Baltimore,MD,04/13/97
Gandalf,O,Stark,Alexandria,VA,08/23/89
Katy,N,Adama,Washington,DC,03/08/02
Lady,H,Adama,Philadelphia,PA,06/27/97
Tony,S,Tigh,Geneva,NY,10/25/86
Anakin,Y,Gamgee,Charlottesville,VA,03/03/02
Karen,G,Zeitz,Annapolis,MD,06/04/89
Elrond,S,Rock,Lynchburg,VA,02/01/98
Katy,P,Lannister,Wilmington,NC,02/17/02
Jyn,A,Baggins,Albany,NY,03/08/01
Bruce,I,Imwe,Blacksburg,VA,04/24/92
Aragorn,C,Perry,Annapolis,MD,11/11/02
Sam,G,Rock,Greenville,SC,01/20/92
Saruman,J,Roslin,Philadelphia,PA,02/15/02
Zoe,X,Agathon,St. Marys,MD,06/19/02
Gaius,H,Stark,Salisbury,MD,11/20/02
Anakin,E,Swift,Philadelphia,PA,07/02/02
Gandalf,H,Thrace,Harrisburg,PA,02/17/00
Legolas,E,Swift,Washington,DC,07/15/02
Ian,Q,Baggins,Arlington,VA,04/14/02
Veena,J,Erso,Albany,NY,03/30/02
Galen,G,Obama,Spotsylvania,VA,08/28/98
Tywin,E,Polack,Asheville,NC,12/15/02
Beyonce,A,Marshall,Harrisburg,PA,04/15/02
Poe,M,Organa,Stafford,VA,12/03/02
Jay,P,Zeitz,Charleston,SC,09/30/93
Gaius,Y,Baggins,Arlington,VA,06/11/92
Daenerys,Q,Kenobi,Wilmington,NC,03/11/80
Jon,D,Finlayson,Washington,DC,01/22/77
Galen,Z,Finlayson,Fredericksburg,VA,11/30/97
Cassian,K,Erso,York,PA,09/12/02
Ian,T,Tarkin,York,PA,02/06/02
Bilbo,Y,Stark,Blacksburg,VA,04/24/02
Cassian,G,Obama,Hilton Head,SC,09/28/89
Jessica,O,Tyrol,Baltimore,MD,09/05/94
Natasha,I,Rock,Hilton Head,SC,04/15/02
Aragorn,L,Polack,Baltimore,MD,01/02/98
Veena,V,Obama,Columbia,SC,01/27/91
Bodhi,B,Wickham,Lynchburg,VA,06/21/97
Mal,J,Targaryen,Stafford,VA,07/04/94
Cersei,L,Vale,Washington,DC,06/17/91
Gimli,S,Phasma,Asheville,NC,04/22/76
Halo,C,Adama,Arlington,VA,11/11/02
Yoda,S,Rook,New York,NY,07/16/02
Jennifer,G,Perry,St. Marys,MD,04/22/96
Darth,B,Pitt,Arlington,VA,09/14/02
Matt,V,Davies,Albany,NY,10/27/80
Saul,C,Polack,Faquier,VA,07/30/02
Wash,S,Malbus,New York,NY,10/03/99
Yoda,W,Zeitz,Alexandria,VA,10/10/02
Taylor,E,Polack,Asheville,NC,01/17/94
Taylor,O,Vale,Wilmington,NC,06/11/99
Legolas,Q,Agathon,Columbia,SC,12/08/02
Katy,W,Perry,Greensboro,NC,08/12/84
Boomer,K,Aniston,Salisbury,MD,02/11/98
Katy,C,Andor,Arlington,VA,07/23/02
Obi-wan,G,Ravishankar,Salisbury,MD,11/02/91
Bruce,E,Trump,Blacksburg,VA,02/13/02
Baze,D,Polack,Baltimore,MD,02/09/02
Hadley,S,Gerrera,Charleston,SC,08/04/02
Robb,E,Adama,Annapolis,MD,07/24/80
Luke,A,Baltar,St. Marys,MD,12/18/01
Bilbo,C,Zeitz,St. Marys,MD,08/28/80
Galen,V,Gamgee,Asheville,NC,11/12/02
Boomer,O,Erso,Lynchburg,VA,07/24/96
Karen,D,Aniston,Arlington,VA,09/10/95
Natasha,Y,Polack,Hilton Head,SC,04/03/01
Saul,X,Martell,Hershey,PA,12/30/00
Karen,N,Anders,Brooklyn,NY,04/24/91
Arwen,T,Phasma,Charlotte,NC,01/25/02
Anakin,X,Anewalt,Charlottesville,VA,10/14/84
Sam,U,Perry,Hershey,PA,01/05/02
Katy,M,Martell,Washington,DC,11/08/93
Steve,P,Finlayson,Richmond,VA,01/29/95
Bilbo,D,Wickham,Fredericksburg,VA,01/24/91
Chirrut,Z,Tigh,Charleston,SC,08/10/02
Brad,M,Gerrera,Washington,DC,03/11/96
Apollo,M,Aniston,Washington,DC,06/01/95
Jyn,J,Erso,Salisbury,MD,05/20/98
Wash,B,Trump,Fredericksburg,VA,12/14/77
Laura,U,Tarkin,St. Marys,MD,04/13/02
Brad,B,Gerrera,Arlington,VA,01/02/88
Galen,Z,Andor,Brooklyn,NY,05/16/90
Karen,C,Kenobi,Lynchburg,VA,02/10/02
Galen,P,Skywalker,Raleigh,NC,08/27/02
Galadriel,A,Thrace,Philadelphia,PA,06/24/02
Yoda,N,Malbus,Washington,DC,01/19/99
Anakin,G,Aniston,Blacksburg,VA,02/28/02
Galen,N,Tigh,St. Marys,MD,07/04/75
Sharon,M,Obama,Charlottesville,VA,05/19/88
Galen,O,Tyrol,St. Marys,MD,06/05/02
Arwen,X,Swift,Blacksburg,VA,04/28/85
Saul,L,Aniston,Faquier,VA,05/21/92
Elrond,D,Kenobi,Albany,NY,07/23/76
Luke,J,Rook,Arlington,VA,02/28/89
Karen,L,Polack,New York,NY,02/08/85
Brad,C,Incredible,Rochester,NY,04/25/89
Cersei,K,Targaryen,Arlington,VA,03/30/02
Luke,P,Gaga,Blacksburg,VA,07/03/02
Chirrut,K,Imwe,Annapolis,MD,04/18/02
Jennifer,K,Malbus,Spotsylvania,VA,01/29/90
Stephen,I,Davies,Columbia,SC,07/29/00
Pippin,K,Tyrell,Washington,DC,01/28/93
Pippin,C,Targaryen,Hilton Head,SC,01/29/91
Legolas,Z,Kenobi,Stafford,VA,02/12/02
Apollo,D,Kenobi,Blacksburg,VA,06/20/02
Sauron,H,Skywalker,Blacksburg,VA,06/04/02
Jessica,D,Thrace,Philadelphia,PA,11/20/82
Sam,X,Tyrol,Hershey,PA,04/28/97
Jennifer,R,Aniston,Hilton Head,SC,09/16/02
Jennifer,X,Tyrell,Hershey,PA,06/30/85
Zoe,H,Perry,Greenville,SC,09/06/02
Boomer,B,Tigh,Greenville,SC,12/10/94
Finn,G,Thrace,Greenville,SC,11/17/71
Sauron,Y,Obama,Arlington,VA,09/16/95
Elrond,B,Wickham,Charleston,SC,04/13/02
Halo,W,Thrace,Spotsylvania,VA,11/26/74
Laura,C,Baggins,Salisbury,MD,05/18/89
Saul,P,Stark,Pittsburgh,PA,12/17/86
Galen,Z,Agathon,Columbia,SC,05/20/85
Saruman,N,Finlayson,Salisbury,MD,10/30/02
Andrew,N,Organa,Fredericksburg,VA,08/01/87
Taylor,V,Marshall,Pittsburgh,PA,12/08/99
Wash,R,Ravishankar,Arlington,VA,02/23/94
Taylor,J,Pitt,Columbia,SC,12/28/02
Sauron,S,Davies,York,PA,06/30/93
Legolas,U,Gamgee,Washington,DC,04/12/94
Veena,E,Roslin,Alexandria,VA,04/26/96
Rey,B,Davies,Washington,DC,01/13/86
Cassian,C,Davies,Rochester,NY,02/01/90
Zoe,G,Finlayson,Salisbury,MD,10/18/88
Pippin,O,Perry,Baltimore,MD,10/28/02
Matt,J,Greyjoy,Baltimore,MD,01/15/78
Bilbo,C,Gerrera,Baltimore,MD,06/29/98
Bodhi,K,Malbus,Columbia,SC,10/23/97
Chirrut,A,Greyjoy,Harrisburg,PA,05/25/79
Stephen,H,Gamgee,Brooklyn,NY,12/18/02
Jon,J,Polack,Alexandria,VA,10/17/00
Sam,U,Anders,Hershey,PA,01/12/02
Halo,L,Greyjoy,Annapolis,MD,02/02/02
Tony,Q,Anders,Blacksburg,VA,09/21/88
Darth,A,Andor,Alexandria,VA,02/09/97
Daenerys,L,Gaga,Arlington,VA,09/05/94
Gandalf,Z,Martell,Washington,DC,09/11/68
Matt,L,Tarkin,Annapolis,MD,08/03/01
Cersei,J,Baltar,Philadelphia,PA,07/14/62
Katy,T,Obama,Blacksburg,VA,06/01/02
Veena,J,Andor,Fredericksburg,VA,11/20/02
Gaius,E,Wickham,Greensboro,NC,09/06/81
Natasha,C,Finlayson,Blacksburg,VA,08/05/92
Boomer,H,Erso,Hilton Head,SC,02/17/96
Boomer,L,Martell,Faquier,VA,05/07/94
Saul,M,Rook,Salisbury,MD,03/22/02
Sharon,I,Stark,Philadelphia,PA,01/07/83
Legolas,B,Organa,Annapolis,MD,09/18/85
Galadriel,J,Skywalker,Philadelphia,PA,01/15/02
Darth,Z,Kenobi,Columbia,SC,04/07/02
Sam,C,Finlayson,Baltimore,MD,12/23/02
Karen,O,Adama,Washington,DC,09/02/02
Apollo,E,Pitt,Alexandria,VA,12/23/65
Chirrut,P,Lannister,Charlottesville,VA,07/25/95
Sam,E,Gerrera,Salisbury,MD,07/30/89
Lady,N,Baltar,Charlotte,NC,02/13/92
Saw,H,Gamgee,Greensboro,NC,06/26/02
Aragorn,W,Perry,Annapolis,MD,07/20/90
Bruce,Z,Roslin,Columbia,SC,04/04/02
Yoda,H,Lannister,Baltimore,MD,05/09/87
Bodhi,D,Perry,Stafford,VA,12/16/01
Gaius,G,Phasma,Charlotte,NC,06/13/96
Matt,S,Erso,Salisbury,MD,05/17/90
Karen,N,Kenobi,Brooklyn,NY,01/09/91
Luke,M,Thrace,Baltimore,MD,11/03/02
Andrew,Q,Gaga,Blacksburg,VA,04/09/96
